"URL","Route Type","HTTP Status","Canonical URL","Indexability","Coverage Status","Total Issues Count","Key Issues Summary"
"https://www.corplawupdates.in","Homepage","200","https://www.corplawupdates.in","Indexable (Index, Follow)","Template Verified & Sitemap In-Scope","0","Clean / Template Pass"
"https://www.corplawupdates.in/updates","Updates Hub","200","https://www.corplawupdates.in/updates","Indexable (Index, Follow)","Direct Crawl & Surface Scan","12","[ERROR] Duplicate ID ARIA; [ERROR] Label Content Name Mismatch; [WARNING] Meta Title"
"https://www.corplawupdates.in/category","Categories Hub","200","https://www.corplawupdates.in/category","Indexable (Index, Follow)","Direct Crawl & Surface Scan","12","[ERROR] Entity Identity; [ERROR] Duplicate ID ARIA; [ERROR] Label Content Name Mismatch"
"https://www.corplawupdates.in/calendar","Static / Hub","200","https://www.corplawupdates.in/calendar","Indexable (Index, Follow)","Direct Crawl & Surface Scan","11","[ERROR] Entity Identity; [ERROR] Duplicate ID ARIA; [ERROR] Label Content Name Mismatch"
"https://www.corplawupdates.in/glossary","Glossary Hub","200","https://www.corplawupdates.in/glossary","Indexable (Index, Follow)","Direct Crawl & Surface Scan","11","[ERROR] Duplicate ID ARIA; [ERROR] Label Content Name Mismatch; [ERROR] Form Labels"
"https://www.corplawupdates.in/documents","Documents Hub","200","https://www.corplawupdates.in/documents","Indexable (Index, Follow)","Direct Crawl & Surface Scan","12","[ERROR] Duplicate ID ARIA; [ERROR] Label Content Name Mismatch; [ERROR] Form Labels"
"https://www.corplawupdates.in/documents/board-resolution-for-dividend-declaration","Document Detail","200","https://www.corplawupdates.in/documents/board-resolution-for-dividend-declaration","Indexable (Index, Follow)","Direct Crawl & Surface Scan","14","[ERROR] Dangling Entity References; [ERROR] Duplicate ID ARIA; [ERROR] Label Content Name Mismatch"
"https://www.corplawupdates.in/tools","Tools Hub","200","https://www.corplawupdates.in/tools","Indexable (Index, Follow)","Direct Crawl & Surface Scan","5","[ERROR] Duplicate ID ARIA; [ERROR] Label Content Name Mismatch; [WARNING] CSS File Size Too Large"
"https://www.corplawupdates.in/tools/cin-decoder","Interactive Tool","200","https://www.corplawupdates.in/tools/cin-decoder","Indexable (Index, Follow)","Direct Crawl & Surface Scan","10","[ERROR] Duplicate ID ARIA; [ERROR] Label Content Name Mismatch; [ERROR] Form Labels"
"https://www.corplawupdates.in/tools/fee-calculator","Interactive Tool","200","https://www.corplawupdates.in/tools/fee-calculator","Indexable (Index, Follow)","Direct Crawl & Surface Scan","10","[ERROR] Duplicate ID ARIA; [ERROR] Label Content Name Mismatch; [ERROR] Form Labels"
"https://www.corplawupdates.in/tools/fee-calculator/companies","Interactive Tool","200","https://www.corplawupdates.in/tools/fee-calculator/companies","Indexable (Index, Follow)","Template Verified & Sitemap In-Scope","0","Clean / Template Pass"
"https://www.corplawupdates.in/tools/fee-calculator/ibbi","Interactive Tool","200","https://www.corplawupdates.in/tools/fee-calculator/ibbi","Indexable (Index, Follow)","Template Verified & Sitemap In-Scope","0","Clean / Template Pass"
"https://www.corplawupdates.in/tools/fee-calculator/llp","Interactive Tool","200","https://www.corplawupdates.in/tools/fee-calculator/llp","Indexable (Index, Follow)","Template Verified & Sitemap In-Scope","0","Clean / Template Pass"
"https://www.corplawupdates.in/tools/fee-calculator/msme","Interactive Tool","200","https://www.corplawupdates.in/tools/fee-calculator/msme","Indexable (Index, Follow)","Template Verified & Sitemap In-Scope","0","Clean / Template Pass"
"https://www.corplawupdates.in/tools/roc-tracker","Interactive Tool","200","https://www.corplawupdates.in/tools/roc-tracker","Indexable (Index, Follow)","Direct Crawl & Surface Scan","13","[ERROR] Duplicate ID ARIA; [ERROR] Select Name; [ERROR] ARIA Input Field Name"
"https://www.corplawupdates.in/rbi/repo-rate","Static / Hub","200","https://www.corplawupdates.in/rbi/repo-rate","Indexable (Index, Follow)","Direct Crawl & Surface Scan","16","[ERROR] Duplicate ID ARIA; [ERROR] ARIA Input Field Name; [ERROR] Label Content Name Mismatch"
"https://www.corplawupdates.in/newsletter","Static / Hub","200","https://www.corplawupdates.in/newsletter","Indexable (Index, Follow)","Direct Crawl & Surface Scan","8","[ERROR] Duplicate ID ARIA; [ERROR] Label Content Name Mismatch; [WARNING] Form CAPTCHA"
"https://www.corplawupdates.in/partners","Static / Hub","200","https://www.corplawupdates.in/partners","Indexable (Index, Follow)","Direct Crawl & Surface Scan","18","[ERROR] Duplicate ID ARIA; [ERROR] Select Name; [ERROR] ARIA Input Field Name"
"https://www.corplawupdates.in/editorial-policy","Static / Hub","200","https://www.corplawupdates.in/editorial-policy","Indexable (Index, Follow)","Direct Crawl & Surface Scan","6","[ERROR] Duplicate ID ARIA; [ERROR] Label Content Name Mismatch; [WARNING] Open Graph Tags"
"https://www.corplawupdates.in/author/komalpreet-singh","Static / Hub","200","https://www.corplawupdates.in/author/komalpreet-singh","Indexable (Index, Follow)","Direct Crawl & Surface Scan","17","[ERROR] Entity Identity; [ERROR] Duplicate ID ARIA; [ERROR] Label Content Name Mismatch"
"https://www.corplawupdates.in/about","Static / Hub","200","https://www.corplawupdates.in/about","Indexable (Index, Follow)","Direct Crawl & Surface Scan","9","[ERROR] Entity Identity; [ERROR] Duplicate ID ARIA; [ERROR] Label Content Name Mismatch"
"https://www.corplawupdates.in/contact","Static / Hub","200","https://www.corplawupdates.in/contact","Indexable (Index, Follow)","Direct Crawl & Surface Scan","15","[ERROR] Duplicate ID ARIA; [ERROR] Label Content Name Mismatch; [WARNING] Meta Description"
"https://www.corplawupdates.in/privacy-policy","Static / Hub","200","https://www.corplawupdates.in/privacy-policy","Indexable (Index, Follow)","Direct Crawl & Surface Scan","9","[ERROR] Duplicate ID ARIA; [ERROR] Label Content Name Mismatch; [WARNING] Meta Description"
"https://www.corplawupdates.in/terms","Static / Hub","200","https://www.corplawupdates.in/terms","Indexable (Index, Follow)","Direct Crawl & Surface Scan","7","[ERROR] Duplicate ID ARIA; [ERROR] Label Content Name Mismatch; [WARNING] Meta Description"
"https://www.corplawupdates.in/disclaimer","Static / Hub","200","https://www.corplawupdates.in/disclaimer","Indexable (Index, Follow)","Direct Crawl & Surface Scan","7","[ERROR] Duplicate ID ARIA; [ERROR] Label Content Name Mismatch; [WARNING] Meta Description"
"https://www.corplawupdates.in/category/mca","Regulatory Category Hub","200","https://www.corplawupdates.in/category/mca","Indexable (Index, Follow)","Direct Crawl & Surface Scan","13","[ERROR] Meta Tags in Body; [ERROR] Duplicate ID ARIA; [ERROR] Label Content Name Mismatch"
"https://www.corplawupdates.in/category/sebi","Regulatory Category Hub","200","https://www.corplawupdates.in/category/sebi","Indexable (Index, Follow)","Direct Crawl & Surface Scan","10","[ERROR] Duplicate ID ARIA; [ERROR] Label Content Name Mismatch; [WARNING] Meta Title"
"https://www.corplawupdates.in/category/rbi","Regulatory Category Hub","200","https://www.corplawupdates.in/category/rbi","Indexable (Index, Follow)","Direct Crawl & Surface Scan","10","[ERROR] Duplicate ID ARIA; [ERROR] Label Content Name Mismatch; [WARNING] Meta Title"
"https://www.corplawupdates.in/category/nclt","Regulatory Category Hub","200","https://www.corplawupdates.in/category/nclt","Indexable (Index, Follow)","Direct Crawl & Surface Scan","10","[ERROR] Duplicate ID ARIA; [ERROR] Label Content Name Mismatch; [WARNING] Meta Title"
"https://www.corplawupdates.in/category/ibc","Regulatory Category Hub","200","https://www.corplawupdates.in/category/ibc","Indexable (Index, Follow)","Direct Crawl & Surface Scan","13","[ERROR] Meta Tags in Body; [ERROR] Duplicate ID ARIA; [ERROR] Label Content Name Mismatch"
"https://www.corplawupdates.in/category/fema","Regulatory Category Hub","200","https://www.corplawupdates.in/category/fema","Indexable (Index, Follow)","Direct Crawl & Surface Scan","10","[ERROR] Duplicate ID ARIA; [ERROR] Label Content Name Mismatch; [WARNING] Meta Title"
"https://www.corplawupdates.in/category/cci","Regulatory Category Hub","200","https://www.corplawupdates.in/category/cci","Indexable (Index, Follow)","Direct Crawl & Surface Scan","9","[ERROR] Duplicate ID ARIA; [ERROR] Label Content Name Mismatch; [WARNING] Meta Title"
"https://www.corplawupdates.in/category/labour","Regulatory Category Hub","200","https://www.corplawupdates.in/category/labour","Indexable (Index, Follow)","Direct Crawl & Surface Scan","9","[ERROR] Duplicate ID ARIA; [ERROR] Label Content Name Mismatch; [WARNING] Meta Title"
"https://www.corplawupdates.in/category/ifsca","Regulatory Category Hub","200","https://www.corplawupdates.in/category/ifsca","Indexable (Index, Follow)","Direct Crawl & Surface Scan","9","[ERROR] Duplicate ID ARIA; [ERROR] Label Content Name Mismatch; [WARNING] Meta Title"
"https://www.corplawupdates.in/updates/rbi-cva-framework-directions-2026-ba-cva-alternate-treatment","Update Detail (Article)","200","https://www.corplawupdates.in/updates/rbi-cva-framework-directions-2026-ba-cva-alternate-treatment","Indexable (Index, Follow)","Direct Crawl & Surface Scan","15","[ERROR] Entity Identity; [ERROR] Duplicate ID ARIA; [ERROR] Label Content Name Mismatch"
"https://www.corplawupdates.in/updates/rbi-sa-ccr-amendment-directions-counterparty-credit-risk-2026","Update Detail (Article)","200","https://www.corplawupdates.in/updates/rbi-sa-ccr-amendment-directions-counterparty-credit-risk-2026","Indexable (Index, Follow)","Direct Crawl & Surface Scan","13","[ERROR] Duplicate ID ARIA; [ERROR] Label Content Name Mismatch; [WARNING] Meta Title"
"https://www.corplawupdates.in/updates/rbi-qccp-risk-weight-capital-adequacy-amendments-october-2026","Update Detail (Article)","200","https://www.corplawupdates.in/updates/rbi-qccp-risk-weight-capital-adequacy-amendments-october-2026","Indexable (Index, Follow)","Direct Crawl & Surface Scan","12","[ERROR] Duplicate ID ARIA; [ERROR] Label Content Name Mismatch; [WARNING] Meta Title"
"https://www.corplawupdates.in/updates/sebi-isin-limit-private-placement-debt-17","Update Detail (Article)","200","https://www.corplawupdates.in/updates/sebi-isin-limit-private-placement-debt-17","Indexable (Index, Follow)","Direct Crawl & Surface Scan","13","[ERROR] Duplicate ID ARIA; [ERROR] Label Content Name Mismatch; [WARNING] Meta Title"
"https://www.corplawupdates.in/updates/sebi-credit-risk-o-meter-debt-securities-october-2026","Update Detail (Article)","200","https://www.corplawupdates.in/updates/sebi-credit-risk-o-meter-debt-securities-october-2026","Indexable (Index, Follow)","Direct Crawl & Surface Scan","12","[ERROR] Duplicate ID ARIA; [ERROR] Label Content Name Mismatch; [INFO] Inline SVG Size"
"https://www.corplawupdates.in/updates/sebi-merchant-banker-exemption-private-placement-debt-2026","Update Detail (Article)","200","https://www.corplawupdates.in/updates/sebi-merchant-banker-exemption-private-placement-debt-2026","Indexable (Index, Follow)","Direct Crawl & Surface Scan","9","[ERROR] Duplicate ID ARIA; [ERROR] Label Content Name Mismatch; [WARNING] Meta Title"
"https://www.corplawupdates.in/updates/rbi-repo-rate-hike-5-50-percent-october-2026","Update Detail (Article)","200","https://www.corplawupdates.in/updates/rbi-repo-rate-hike-5-50-percent-october-2026","Indexable (Index, Follow)","Direct Crawl & Surface Scan","15","[ERROR] Duplicate ID ARIA; [ERROR] Label Content Name Mismatch; [INFO] Inline SVG Size"
"https://www.corplawupdates.in/updates/cabinet-approves-10000-crore-sme-growth-fund-2026","Update Detail (Article)","200","https://www.corplawupdates.in/updates/cabinet-approves-10000-crore-sme-growth-fund-2026","Indexable (Index, Follow)","Direct Crawl & Surface Scan","11","[ERROR] Entity Identity; [ERROR] Duplicate ID ARIA; [ERROR] Label Content Name Mismatch"
"https://www.corplawupdates.in/updates/sebi-samajh-se-investing-simple-must-whatsapp-channel-2026","Update Detail (Article)","200","https://www.corplawupdates.in/updates/sebi-samajh-se-investing-simple-must-whatsapp-channel-2026","Indexable (Index, Follow)","Direct Crawl & Surface Scan","10","[ERROR] Duplicate ID ARIA; [ERROR] Label Content Name Mismatch; [WARNING] Meta Title"
"https://www.corplawupdates.in/updates/sebi-chairman-project-jagrook-investor-awareness-speech-2026","Update Detail (Article)","200","https://www.corplawupdates.in/updates/sebi-chairman-project-jagrook-investor-awareness-speech-2026","Indexable (Index, Follow)","Direct Crawl & Surface Scan","10","[ERROR] Entity Identity; [ERROR] Duplicate ID ARIA; [ERROR] Label Content Name Mismatch"
"https://www.corplawupdates.in/updates/sebi-chairman-cpai-convention-commodity-derivatives-reforms-2026","Update Detail (Article)","200","https://www.corplawupdates.in/updates/sebi-chairman-cpai-convention-commodity-derivatives-reforms-2026","Indexable (Index, Follow)","Direct Crawl & Surface Scan","12","[ERROR] Entity Identity; [ERROR] Duplicate ID ARIA; [ERROR] Label Content Name Mismatch"
"https://www.corplawupdates.in/updates/rbi-nrd-csr-r012-return-cims-sankalan-portal-2026","Update Detail (Article)","200","https://www.corplawupdates.in/updates/rbi-nrd-csr-r012-return-cims-sankalan-portal-2026","Indexable (Index, Follow)","Direct Crawl & Surface Scan","10","[ERROR] Duplicate ID ARIA; [ERROR] Label Content Name Mismatch; [WARNING] Meta Title"
"https://www.corplawupdates.in/updates/rbi-form-a2-remittance-guidelines-board-committee-approval-2026","Update Detail (Article)","200","https://www.corplawupdates.in/updates/rbi-form-a2-remittance-guidelines-board-committee-approval-2026","Indexable (Index, Follow)","Direct Crawl & Surface Scan","13","[ERROR] Duplicate ID ARIA; [ERROR] Label Content Name Mismatch; [INFO] URL Length"
"https://www.corplawupdates.in/updates/rbi-master-direction-note-sorting-machines-2026","Update Detail (Article)","200","https://www.corplawupdates.in/updates/rbi-master-direction-note-sorting-machines-2026","Indexable (Index, Follow)","Direct Crawl & Surface Scan","10","[ERROR] Duplicate ID ARIA; [ERROR] Label Content Name Mismatch; [WARNING] Image Dimensions"
"https://www.corplawupdates.in/updates/rbi-one-time-approval-major-shareholding-banks-2026","Update Detail (Article)","200","https://www.corplawupdates.in/updates/rbi-one-time-approval-major-shareholding-banks-2026","Indexable (Index, Follow)","Direct Crawl & Surface Scan","14","[ERROR] Duplicate ID ARIA; [ERROR] Label Content Name Mismatch; [WARNING] Meta Title"
"https://www.corplawupdates.in/updates/sebi-document-number-verification-system-revamp-2026","Update Detail (Article)","200","https://www.corplawupdates.in/updates/sebi-document-number-verification-system-revamp-2026","Indexable (Index, Follow)","Direct Crawl & Surface Scan","14","[ERROR] Duplicate ID ARIA; [ERROR] Label Content Name Mismatch; [WARNING] Meta Title"
"https://www.corplawupdates.in/updates/sebi-project-jagrook-investor-awareness-messages-stock-brokers-2026","Update Detail (Article)","200","https://www.corplawupdates.in/updates/sebi-project-jagrook-investor-awareness-messages-stock-brokers-2026","Indexable (Index, Follow)","Direct Crawl & Surface Scan","11","[ERROR] Duplicate ID ARIA; [ERROR] Label Content Name Mismatch; [INFO] URL Length"
"https://www.corplawupdates.in/updates/rbi-atm-cassette-swap-monitoring-committee-of-executives-2026","Update Detail (Article)","200","https://www.corplawupdates.in/updates/rbi-atm-cassette-swap-monitoring-committee-of-executives-2026","Indexable (Index, Follow)","Direct Crawl & Surface Scan","13","[ERROR] Entity Identity; [ERROR] Duplicate ID ARIA; [ERROR] Label Content Name Mismatch"
"https://www.corplawupdates.in/updates/rbi-withdraws-268-currency-management-circulars-2026","Update Detail (Article)","200","https://www.corplawupdates.in/updates/rbi-withdraws-268-currency-management-circulars-2026","Indexable (Index, Follow)","Direct Crawl & Surface Scan","15","[ERROR] Duplicate ID ARIA; [ERROR] Label Content Name Mismatch; [WARNING] Orphan Pages"
"https://www.corplawupdates.in/updates/rbi-master-circular-credit-facilities-scheduled-castes-scheduled-tribes-2026","Update Detail (Article)","200","https://www.corplawupdates.in/updates/rbi-master-circular-credit-facilities-scheduled-castes-scheduled-tribes-2026","Indexable (Index, Follow)","Direct Crawl & Surface Scan","15","[ERROR] Duplicate ID ARIA; [ERROR] Label Content Name Mismatch; [INFO] URL Length"
"https://www.corplawupdates.in/updates/rbi-wma-report-2026-state-governments","Update Detail (Article)","200","https://www.corplawupdates.in/updates/rbi-wma-report-2026-state-governments","Indexable (Index, Follow)","Direct Crawl & Surface Scan","14","[ERROR] Duplicate ID ARIA; [ERROR] Label Content Name Mismatch; [WARNING] H1 Tag"
"https://www.corplawupdates.in/updates/ifsca-fund-management-certification-course-deadline-extended-december-2026","Update Detail (Article)","200","https://www.corplawupdates.in/updates/ifsca-fund-management-certification-course-deadline-extended-december-2026","Indexable (Index, Follow)","Direct Crawl & Surface Scan","13","[ERROR] Entity Identity; [ERROR] Duplicate ID ARIA; [ERROR] Label Content Name Mismatch"
"https://www.corplawupdates.in/updates/sebi-master-circular-debenture-trustees-2026","Update Detail (Article)","200","https://www.corplawupdates.in/updates/sebi-master-circular-debenture-trustees-2026","Indexable (Index, Follow)","Direct Crawl & Surface Scan","16","[ERROR] Duplicate ID ARIA; [ERROR] Label Content Name Mismatch; [WARNING] Meta Title"
"https://www.corplawupdates.in/updates/rbi-fema-23r-export-import-amendment-regulations-2026","Update Detail (Article)","200","https://www.corplawupdates.in/updates/rbi-fema-23r-export-import-amendment-regulations-2026","Indexable (Index, Follow)","Direct Crawl & Surface Scan","11","[ERROR] Entity Identity; [ERROR] Duplicate ID ARIA; [ERROR] Label Content Name Mismatch"
"https://www.corplawupdates.in/updates/mca-advisory-nidhi-companies-ndh4-395-list-2026","Update Detail (Article)","200","https://www.corplawupdates.in/updates/mca-advisory-nidhi-companies-ndh4-395-list-2026","Indexable (Index, Follow)","Direct Crawl & Surface Scan","13","[ERROR] Entity Identity; [ERROR] Duplicate ID ARIA; [ERROR] Label Content Name Mismatch"
"https://www.corplawupdates.in/updates/ifsca-differential-distribution-framework-vc-restricted-schemes","Update Detail (Article)","200","https://www.corplawupdates.in/updates/ifsca-differential-distribution-framework-vc-restricted-schemes","Indexable (Index, Follow)","Direct Crawl & Surface Scan","13","[ERROR] Entity Identity; [ERROR] Duplicate ID ARIA; [ERROR] Label Content Name Mismatch"
"https://www.corplawupdates.in/updates/sebi-board-meeting-september-2026-key-decisions","Update Detail (Article)","200","https://www.corplawupdates.in/updates/sebi-board-meeting-september-2026-key-decisions","Indexable (Index, Follow)","Direct Crawl & Surface Scan","14","[ERROR] Entity Identity; [ERROR] Duplicate ID ARIA; [ERROR] Label Content Name Mismatch"
"https://www.corplawupdates.in/updates/ibbi-reg-47b-delayed-liquidation-forms-fee-2026","Update Detail (Article)","200","https://www.corplawupdates.in/updates/ibbi-reg-47b-delayed-liquidation-forms-fee-2026","Indexable (Index, Follow)","Direct Crawl & Surface Scan","9","[ERROR] Duplicate ID ARIA; [ERROR] Label Content Name Mismatch; [WARNING] Image Dimensions"
"https://www.corplawupdates.in/updates/aoc-4-filing-opc-fy-2025-26-deadline-27-september-2026","Update Detail (Article)","200","https://www.corplawupdates.in/updates/aoc-4-filing-opc-fy-2025-26-deadline-27-september-2026","Indexable (Index, Follow)","Direct Crawl & Surface Scan","13","[ERROR] Entity Identity; [ERROR] Duplicate ID ARIA; [ERROR] Label Content Name Mismatch"
"https://www.corplawupdates.in/updates/ibbi-pgirp-forms-deadline-extension-december-2026","Update Detail (Article)","200","https://www.corplawupdates.in/updates/ibbi-pgirp-forms-deadline-extension-december-2026","Indexable (Index, Follow)","Direct Crawl & Surface Scan","13","[ERROR] Entity Identity; [ERROR] Duplicate ID ARIA; [ERROR] Label Content Name Mismatch"
"https://www.corplawupdates.in/updates/rbi-poonam-gupta-speech-indian-economy-volatile-world-2026","Update Detail (Article)","200","https://www.corplawupdates.in/updates/rbi-poonam-gupta-speech-indian-economy-volatile-world-2026","Indexable (Index, Follow)","Direct Crawl & Surface Scan","9","[ERROR] Duplicate ID ARIA; [ERROR] Label Content Name Mismatch; [WARNING] Meta Title"
"https://www.corplawupdates.in/updates/ibbi-liquidation-process-fifth-amendment-regulations-2026","Update Detail (Article)","200","https://www.corplawupdates.in/updates/ibbi-liquidation-process-fifth-amendment-regulations-2026","Indexable (Index, Follow)","Direct Crawl & Surface Scan","12","[ERROR] Entity Identity; [ERROR] Duplicate ID ARIA; [ERROR] Label Content Name Mismatch"
"https://www.corplawupdates.in/updates/ifsca-qualified-jeweller-eligibility-amendment-iibx-2026","Update Detail (Article)","200","https://www.corplawupdates.in/updates/ifsca-qualified-jeweller-eligibility-amendment-iibx-2026","Indexable (Index, Follow)","Direct Crawl & Surface Scan","10","[ERROR] Duplicate ID ARIA; [ERROR] Label Content Name Mismatch; [WARNING] Meta Title"
"https://www.corplawupdates.in/updates/rbi-invit-reit-unit-valuation-amendment-directions-2026","Update Detail (Article)","200","https://www.corplawupdates.in/updates/rbi-invit-reit-unit-valuation-amendment-directions-2026","Indexable (Index, Follow)","Direct Crawl & Surface Scan","9","[ERROR] Duplicate ID ARIA; [ERROR] Label Content Name Mismatch; [WARNING] Orphan Pages"
"https://www.corplawupdates.in/updates/ibbi-circular-interim-moratorium-personal-guarantors-ceased","Update Detail (Article)","200","https://www.corplawupdates.in/updates/ibbi-circular-interim-moratorium-personal-guarantors-ceased","Indexable (Index, Follow)","Direct Crawl & Surface Scan","12","[ERROR] Entity Identity; [ERROR] Duplicate ID ARIA; [ERROR] Label Content Name Mismatch"
"https://www.corplawupdates.in/updates/rbi-new-market-risk-capital-directions-2026-guide-banks","Update Detail (Article)","200","https://www.corplawupdates.in/updates/rbi-new-market-risk-capital-directions-2026-guide-banks","Indexable (Index, Follow)","Direct Crawl & Surface Scan","14","[ERROR] Duplicate ID ARIA; [ERROR] Label Content Name Mismatch; [WARNING] Meta Title"
"https://www.corplawupdates.in/updates/ifsca-master-circular-distributors-jurisdictions-amendment-2026","Update Detail (Article)","200","https://www.corplawupdates.in/updates/ifsca-master-circular-distributors-jurisdictions-amendment-2026","Indexable (Index, Follow)","Direct Crawl & Surface Scan","15","[ERROR] Entity Identity; [ERROR] Duplicate ID ARIA; [ERROR] Label Content Name Mismatch"
"https://www.corplawupdates.in/updates/rbi-kyc-amendment-directions-2026-fpi-certified-copy","Update Detail (Article)","200","https://www.corplawupdates.in/updates/rbi-kyc-amendment-directions-2026-fpi-certified-copy","Indexable (Index, Follow)","Direct Crawl & Surface Scan","11","[ERROR] Duplicate ID ARIA; [ERROR] Label Content Name Mismatch; [WARNING] Meta Title"
"https://www.corplawupdates.in/updates/ifsca-electronic-trading-platforms-regulations-2026","Update Detail (Article)","200","https://www.corplawupdates.in/updates/ifsca-electronic-trading-platforms-regulations-2026","Indexable (Index, Follow)","Direct Crawl & Surface Scan","13","[ERROR] Entity Identity; [ERROR] Duplicate ID ARIA; [ERROR] Label Content Name Mismatch"
"https://www.corplawupdates.in/updates/ifsca-fund-management-second-amendment-regulations-2026","Update Detail (Article)","200","https://www.corplawupdates.in/updates/ifsca-fund-management-second-amendment-regulations-2026","Indexable (Index, Follow)","Direct Crawl & Surface Scan","15","[ERROR] Entity Identity; [ERROR] Duplicate ID ARIA; [ERROR] Label Content Name Mismatch"
"https://www.corplawupdates.in/updates/sebi-samuhik-prativedan-manch-clearing-members-2026","Update Detail (Article)","200","https://www.corplawupdates.in/updates/sebi-samuhik-prativedan-manch-clearing-members-2026","Indexable (Index, Follow)","Direct Crawl & Surface Scan","14","[ERROR] Duplicate ID ARIA; [ERROR] Label Content Name Mismatch; [WARNING] Meta Title"
"https://www.corplawupdates.in/updates/ifsca-prohibition-market-abuse-securities-regulations-2026","Update Detail (Article)","200","https://www.corplawupdates.in/updates/ifsca-prohibition-market-abuse-securities-regulations-2026","Indexable (Index, Follow)","Direct Crawl & Surface Scan","12","[ERROR] Duplicate ID ARIA; [ERROR] Label Content Name Mismatch; [WARNING] Meta Title"
"https://www.corplawupdates.in/updates/form-mgt-7-mgt-7a-annual-return-guide-2026","Update Detail (Article)","200","https://www.corplawupdates.in/updates/form-mgt-7-mgt-7a-annual-return-guide-2026","Indexable (Index, Follow)","Direct Crawl & Surface Scan","17","[ERROR] Entity Identity; [ERROR] Duplicate ID ARIA; [ERROR] Label Content Name Mismatch"
"https://www.corplawupdates.in/updates/epfo-wage-ceiling-rs-25000-cabinet-approval-2026","Update Detail (Article)","200","https://www.corplawupdates.in/updates/epfo-wage-ceiling-rs-25000-cabinet-approval-2026","Indexable (Index, Follow)","Direct Crawl & Surface Scan","14","[ERROR] Entity Identity; [ERROR] Duplicate ID ARIA; [ERROR] Label Content Name Mismatch"
"https://www.corplawupdates.in/updates/sebi-consultation-bcp-dr-mii-2026","Update Detail (Article)","200","https://www.corplawupdates.in/updates/sebi-consultation-bcp-dr-mii-2026","Indexable (Index, Follow)","Direct Crawl & Surface Scan","14","[ERROR] Entity Identity; [ERROR] Duplicate ID ARIA; [ERROR] Label Content Name Mismatch"
"https://www.corplawupdates.in/updates/epfo-vishwas-2026-pf-damages-settlement-scheme","Update Detail (Article)","200","https://www.corplawupdates.in/updates/epfo-vishwas-2026-pf-damages-settlement-scheme","Indexable (Index, Follow)","Direct Crawl & Surface Scan","12","[ERROR] Entity Identity; [ERROR] Duplicate ID ARIA; [ERROR] Label Content Name Mismatch"
"https://www.corplawupdates.in/updates/ibbi-personal-guarantor-insolvency-safeguards-2026","Update Detail (Article)","200","https://www.corplawupdates.in/updates/ibbi-personal-guarantor-insolvency-safeguards-2026","Indexable (Index, Follow)","Direct Crawl & Surface Scan","9","[ERROR] Entity Identity; [ERROR] Duplicate ID ARIA; [ERROR] Label Content Name Mismatch"
"https://www.corplawupdates.in/updates/rbi-draft-kyc-money-mule-sop-2026","Update Detail (Article)","200","https://www.corplawupdates.in/updates/rbi-draft-kyc-money-mule-sop-2026","Indexable (Index, Follow)","Direct Crawl & Surface Scan","10","[ERROR] Entity Identity; [ERROR] Duplicate ID ARIA; [ERROR] Label Content Name Mismatch"
"https://www.corplawupdates.in/updates/rbi-priority-sector-lending-third-amendment-directions-2026","Update Detail (Article)","200","https://www.corplawupdates.in/updates/rbi-priority-sector-lending-third-amendment-directions-2026","Indexable (Index, Follow)","Direct Crawl & Surface Scan","10","[ERROR] Duplicate ID ARIA; [ERROR] Label Content Name Mismatch; [WARNING] Meta Title"
"https://www.corplawupdates.in/updates/rbi-lab-crr-slr-second-amendment-directions-2026","Update Detail (Article)","200","https://www.corplawupdates.in/updates/rbi-lab-crr-slr-second-amendment-directions-2026","Indexable (Index, Follow)","Direct Crawl & Surface Scan","9","[ERROR] Duplicate ID ARIA; [ERROR] Label Content Name Mismatch; [WARNING] Orphan Pages"
"https://www.corplawupdates.in/updates/sebi-it-cyber-security-framework-mii-subsidiaries","Update Detail (Article)","200","https://www.corplawupdates.in/updates/sebi-it-cyber-security-framework-mii-subsidiaries","Indexable (Index, Follow)","Direct Crawl & Surface Scan","11","[ERROR] Duplicate ID ARIA; [ERROR] Label Content Name Mismatch; [WARNING] Meta Title"
"https://www.corplawupdates.in/updates/mca-stakeholder-alert-mca-signals-sms-warning-2026","Update Detail (Article)","200","https://www.corplawupdates.in/updates/mca-stakeholder-alert-mca-signals-sms-warning-2026","Indexable (Index, Follow)","Direct Crawl & Surface Scan","10","[ERROR] Duplicate ID ARIA; [ERROR] Label Content Name Mismatch; [WARNING] Meta Title"
"https://www.corplawupdates.in/updates/rbi-governor-gff-2026-fintech-sro-bond-tokenisation","Update Detail (Article)","200","https://www.corplawupdates.in/updates/rbi-governor-gff-2026-fintech-sro-bond-tokenisation","Indexable (Index, Follow)","Direct Crawl & Surface Scan","11","[ERROR] Duplicate ID ARIA; [ERROR] Label Content Name Mismatch; [WARNING] Meta Title"
"https://www.corplawupdates.in/updates/sebi-rbi-demat-2-0-tokenised-corporate-bonds-pilot","Update Detail (Article)","200","https://www.corplawupdates.in/updates/sebi-rbi-demat-2-0-tokenised-corporate-bonds-pilot","Indexable (Index, Follow)","Direct Crawl & Surface Scan","11","[ERROR] Duplicate ID ARIA; [ERROR] Label Content Name Mismatch; [WARNING] Meta Title"
"https://www.corplawupdates.in/updates/ibbi-due-diligence-insolvency-professionals-misuse-ibc-framework","Update Detail (Article)","200","https://www.corplawupdates.in/updates/ibbi-due-diligence-insolvency-professionals-misuse-ibc-framework","Indexable (Index, Follow)","Direct Crawl & Surface Scan","15","[ERROR] Entity Identity; [ERROR] Duplicate ID ARIA; [ERROR] Label Content Name Mismatch"
"https://www.corplawupdates.in/updates/sebi-consultation-paper-strengthening-governance-miis","Update Detail (Article)","200","https://www.corplawupdates.in/updates/sebi-consultation-paper-strengthening-governance-miis","Indexable (Index, Follow)","Direct Crawl & Surface Scan","13","[ERROR] Duplicate ID ARIA; [ERROR] Label Content Name Mismatch; [WARNING] Orphan Pages"
"https://www.corplawupdates.in/updates/sebi-commodity-derivatives-position-limit-penalty-revision-2026","Update Detail (Article)","200","https://www.corplawupdates.in/updates/sebi-commodity-derivatives-position-limit-penalty-revision-2026","Indexable (Index, Follow)","Direct Crawl & Surface Scan","11","[ERROR] Entity Identity; [ERROR] Duplicate ID ARIA; [ERROR] Label Content Name Mismatch"
"https://www.corplawupdates.in/updates/rbi-withdraws-seven-fema-circulars-september-2026","Update Detail (Article)","200","https://www.corplawupdates.in/updates/rbi-withdraws-seven-fema-circulars-september-2026","Indexable (Index, Follow)","Direct Crawl & Surface Scan","9","[ERROR] Entity Identity; [ERROR] Duplicate ID ARIA; [ERROR] Label Content Name Mismatch"
"https://www.corplawupdates.in/updates/sebi-extends-accredited-investor-compliance-deadline-for-angel-funds-2026","Update Detail (Article)","200","https://www.corplawupdates.in/updates/sebi-extends-accredited-investor-compliance-deadline-for-angel-funds-2026","Indexable (Index, Follow)","Direct Crawl & Surface Scan","12","[ERROR] Duplicate ID ARIA; [ERROR] Label Content Name Mismatch; [INFO] URL Length"
"https://www.corplawupdates.in/updates/sebi-fpi-investor-group-exemption-government-securities-2026","Update Detail (Article)","200","https://www.corplawupdates.in/updates/sebi-fpi-investor-group-exemption-government-securities-2026","Indexable (Index, Follow)","Direct Crawl & Surface Scan","9","[ERROR] Duplicate ID ARIA; [ERROR] Label Content Name Mismatch; [WARNING] Orphan Pages"
"https://www.corplawupdates.in/updates/sebi-net-settlement-mutual-funds-cash-market-2026","Update Detail (Article)","200","https://www.corplawupdates.in/updates/sebi-net-settlement-mutual-funds-cash-market-2026","Indexable (Index, Follow)","Direct Crawl & Surface Scan","13","[ERROR] Duplicate ID ARIA; [ERROR] Label Content Name Mismatch; [WARNING] Meta Title"
"https://www.corplawupdates.in/updates/rbi-nbfc-hfc-summit-2026-five-point-roadmap","Update Detail (Article)","200","https://www.corplawupdates.in/updates/rbi-nbfc-hfc-summit-2026-five-point-roadmap","Indexable (Index, Follow)","Direct Crawl & Surface Scan","12","[ERROR] Duplicate ID ARIA; [ERROR] Label Content Name Mismatch; [WARNING] Meta Title"
"https://www.corplawupdates.in/updates/mca-ccfs-2026-extension-15-september-2026","Update Detail (Article)","200","https://www.corplawupdates.in/updates/mca-ccfs-2026-extension-15-september-2026","Indexable (Index, Follow)","Direct Crawl & Surface Scan","10","[ERROR] Entity Identity; [ERROR] Duplicate ID ARIA; [ERROR] Label Content Name Mismatch"
"https://www.corplawupdates.in/updates/sebi-etf-base-price-price-band-deadline-extension-2026","Update Detail (Article)","200","https://www.corplawupdates.in/updates/sebi-etf-base-price-price-band-deadline-extension-2026","Indexable (Index, Follow)","Direct Crawl & Surface Scan","9","[ERROR] Duplicate ID ARIA; [ERROR] Label Content Name Mismatch; [WARNING] Orphan Pages"
"https://www.corplawupdates.in/updates/sebi-merchant-banker-exemption-small-value-debt","Update Detail (Article)","200","https://www.corplawupdates.in/updates/sebi-merchant-banker-exemption-small-value-debt","Indexable (Index, Follow)","Direct Crawl & Surface Scan","10","[ERROR] Duplicate ID ARIA; [ERROR] Label Content Name Mismatch; [WARNING] Meta Title"
"https://www.corplawupdates.in/updates/rbi-deposit-interest-rate-relaxation-august-31-2026","Update Detail (Article)","200","https://www.corplawupdates.in/updates/rbi-deposit-interest-rate-relaxation-august-31-2026","Indexable (Index, Follow)","Direct Crawl & Surface Scan","12","[ERROR] Entity Identity; [ERROR] Duplicate ID ARIA; [ERROR] Label Content Name Mismatch"
"https://www.corplawupdates.in/updates/rbi-crr-slr-exemption-august-31-2026","Update Detail (Article)","200","https://www.corplawupdates.in/updates/rbi-crr-slr-exemption-august-31-2026","Indexable (Index, Follow)","Direct Crawl & Surface Scan","10","[ERROR] Entity Identity; [ERROR] Duplicate ID ARIA; [ERROR] Label Content Name Mismatch"
"https://www.corplawupdates.in/updates/foreign-company-registration-india-fc1-documents-approvals","Update Detail (Article)","200","https://www.corplawupdates.in/updates/foreign-company-registration-india-fc1-documents-approvals","Indexable (Index, Follow)","Direct Crawl & Surface Scan","16","[ERROR] Entity Identity; [ERROR] Duplicate ID ARIA; [ERROR] Label Content Name Mismatch"
"https://www.corplawupdates.in/updates/sebi-it-resilience-index-itri-mii-2026","Update Detail (Article)","200","https://www.corplawupdates.in/updates/sebi-it-resilience-index-itri-mii-2026","Indexable (Index, Follow)","Direct Crawl & Surface Scan","12","[ERROR] Duplicate ID ARIA; [ERROR] Label Content Name Mismatch; [WARNING] Meta Title"
"https://www.corplawupdates.in/updates/sebi-cyber-incident-reporting-fire-format-2026","Update Detail (Article)","200","https://www.corplawupdates.in/updates/sebi-cyber-incident-reporting-fire-format-2026","Indexable (Index, Follow)","Direct Crawl & Surface Scan","14","[ERROR] Duplicate ID ARIA; [ERROR] Label Content Name Mismatch; [WARNING] Meta Title"
"https://www.corplawupdates.in/updates/sebi-obpp-advertisement-code-revision-2026","Update Detail (Article)","200","https://www.corplawupdates.in/updates/sebi-obpp-advertisement-code-revision-2026","Indexable (Index, Follow)","Template Verified & Sitemap In-Scope","0","Template-level: large CSS bundle (454KB), font toggle accessible name mismatch"
"https://www.corplawupdates.in/updates/sebi-ficp-consultation-paper-2026-obpp","Update Detail (Article)","200","https://www.corplawupdates.in/updates/sebi-ficp-consultation-paper-2026-obpp","Indexable (Index, Follow)","Template Verified & Sitemap In-Scope","0","Template-level: large CSS bundle (454KB), font toggle accessible name mismatch"
"https://www.corplawupdates.in/updates/sebi-equity-derivatives-retail-trader-study-fy26","Update Detail (Article)","200","https://www.corplawupdates.in/updates/sebi-equity-derivatives-retail-trader-study-fy26","Indexable (Index, Follow)","Template Verified & Sitemap In-Scope","0","Template-level: large CSS bundle (454KB), font toggle accessible name mismatch"
"https://www.corplawupdates.in/updates/sebi-kra-ifsca-data-sharing-circular-2026","Update Detail (Article)","200","https://www.corplawupdates.in/updates/sebi-kra-ifsca-data-sharing-circular-2026","Indexable (Index, Follow)","Template Verified & Sitemap In-Scope","0","Template-level: large CSS bundle (454KB), font toggle accessible name mismatch"
"https://www.corplawupdates.in/updates/sebi-permits-digitally-signed-power-of-attorney-for-fpi-custodian-onboarding-2026","Update Detail (Article)","200","https://www.corplawupdates.in/updates/sebi-permits-digitally-signed-power-of-attorney-for-fpi-custodian-onboarding-2026","Indexable (Index, Follow)","Template Verified & Sitemap In-Scope","0","Template-level: large CSS bundle (454KB), font toggle accessible name mismatch"
"https://www.corplawupdates.in/updates/rbi-monetary-policy-august-2026-repo-rate-unchanged","Update Detail (Article)","200","https://www.corplawupdates.in/updates/rbi-monetary-policy-august-2026-repo-rate-unchanged","Indexable (Index, Follow)","Template Verified & Sitemap In-Scope","0","Template-level: large CSS bundle (454KB), font toggle accessible name mismatch"
"https://www.corplawupdates.in/updates/mca-open-house-voluntary-strike-off-companies-llps-2026","Update Detail (Article)","200","https://www.corplawupdates.in/updates/mca-open-house-voluntary-strike-off-companies-llps-2026","Indexable (Index, Follow)","Template Verified & Sitemap In-Scope","0","Template-level: large CSS bundle (454KB), font toggle accessible name mismatch"
"https://www.corplawupdates.in/updates/cci-commitment-amendment-regulations-2026","Update Detail (Article)","200","https://www.corplawupdates.in/updates/cci-commitment-amendment-regulations-2026","Indexable (Index, Follow)","Template Verified & Sitemap In-Scope","0","Template-level: large CSS bundle (454KB), font toggle accessible name mismatch"
"https://www.corplawupdates.in/updates/sebi-caution-live-trading-strategies-social-media-2026","Update Detail (Article)","200","https://www.corplawupdates.in/updates/sebi-caution-live-trading-strategies-social-media-2026","Indexable (Index, Follow)","Template Verified & Sitemap In-Scope","0","Template-level: large CSS bundle (454KB), font toggle accessible name mismatch"
"https://www.corplawupdates.in/updates/mca-ind-as-amendment-rules-2026","Update Detail (Article)","200","https://www.corplawupdates.in/updates/mca-ind-as-amendment-rules-2026","Indexable (Index, Follow)","Template Verified & Sitemap In-Scope","0","Template-level: large CSS bundle (454KB), font toggle accessible name mismatch"
"https://www.corplawupdates.in/updates/sebi-mutual-fund-registration-application-form-2026","Update Detail (Article)","200","https://www.corplawupdates.in/updates/sebi-mutual-fund-registration-application-form-2026","Indexable (Index, Follow)","Template Verified & Sitemap In-Scope","0","Template-level: large CSS bundle (454KB), font toggle accessible name mismatch"
"https://www.corplawupdates.in/updates/ibbi-discussion-paper-ip-due-diligence-fraudulent-malicious-cirp-2026","Update Detail (Article)","200","https://www.corplawupdates.in/updates/ibbi-discussion-paper-ip-due-diligence-fraudulent-malicious-cirp-2026","Indexable (Index, Follow)","Template Verified & Sitemap In-Scope","0","Template-level: large CSS bundle (454KB), font toggle accessible name mismatch"
"https://www.corplawupdates.in/updates/sebi-obpp-ifsca-54ec-bonds-compliance-officer-2026","Update Detail (Article)","200","https://www.corplawupdates.in/updates/sebi-obpp-ifsca-54ec-bonds-compliance-officer-2026","Indexable (Index, Follow)","Template Verified & Sitemap In-Scope","0","Template-level: large CSS bundle (454KB), font toggle accessible name mismatch"
"https://www.corplawupdates.in/updates/sebi-ndcf-major-maintenance-invits-2026","Update Detail (Article)","200","https://www.corplawupdates.in/updates/sebi-ndcf-major-maintenance-invits-2026","Indexable (Index, Follow)","Template Verified & Sitemap In-Scope","0","Template-level: large CSS bundle (454KB), font toggle accessible name mismatch"
"https://www.corplawupdates.in/updates/sebi-credit-risk-o-meter-debt-securities-2026","Update Detail (Article)","200","https://www.corplawupdates.in/updates/sebi-credit-risk-o-meter-debt-securities-2026","Indexable (Index, Follow)","Template Verified & Sitemap In-Scope","0","Template-level: large CSS bundle (454KB), font toggle accessible name mismatch"
"https://www.corplawupdates.in/updates/sebi-accredited-investor-framework-consultation-2026","Update Detail (Article)","200","https://www.corplawupdates.in/updates/sebi-accredited-investor-framework-consultation-2026","Indexable (Index, Follow)","Template Verified & Sitemap In-Scope","0","Template-level: large CSS bundle (454KB), font toggle accessible name mismatch"
"https://www.corplawupdates.in/updates/rbi-draft-interest-rates-loans-advances-directions-2026","Update Detail (Article)","200","https://www.corplawupdates.in/updates/rbi-draft-interest-rates-loans-advances-directions-2026","Indexable (Index, Follow)","Template Verified & Sitemap In-Scope","0","Template-level: large CSS bundle (454KB), font toggle accessible name mismatch"
"https://www.corplawupdates.in/updates/sebi-z-score-stress-testing-commodity-derivatives-2026","Update Detail (Article)","200","https://www.corplawupdates.in/updates/sebi-z-score-stress-testing-commodity-derivatives-2026","Indexable (Index, Follow)","Template Verified & Sitemap In-Scope","0","Template-level: large CSS bundle (454KB), font toggle accessible name mismatch"
"https://www.corplawupdates.in/updates/mca-chg-1-webform-filing-guide-charge-registration","Update Detail (Article)","200","https://www.corplawupdates.in/updates/mca-chg-1-webform-filing-guide-charge-registration","Indexable (Index, Follow)","Template Verified & Sitemap In-Scope","0","Template-level: large CSS bundle (454KB), font toggle accessible name mismatch"
"https://www.corplawupdates.in/updates/sebi-circular-municipal-debt-securities-ilmds-2026","Update Detail (Article)","200","https://www.corplawupdates.in/updates/sebi-circular-municipal-debt-securities-ilmds-2026","Indexable (Index, Follow)","Template Verified & Sitemap In-Scope","0","Template-level: large CSS bundle (454KB), font toggle accessible name mismatch"
"https://www.corplawupdates.in/updates/sebi-consultation-isin-limits-debt-securities-2026","Update Detail (Article)","200","https://www.corplawupdates.in/updates/sebi-consultation-isin-limits-debt-securities-2026","Indexable (Index, Follow)","Template Verified & Sitemap In-Scope","0","Template-level: large CSS bundle (454KB), font toggle accessible name mismatch"
"https://www.corplawupdates.in/updates/rbi-psl-second-amendment-directions-2026-fcnr-nre-anbc","Update Detail (Article)","200","https://www.corplawupdates.in/updates/rbi-psl-second-amendment-directions-2026-fcnr-nre-anbc","Indexable (Index, Follow)","Template Verified & Sitemap In-Scope","0","Template-level: large CSS bundle (454KB), font toggle accessible name mismatch"
"https://www.corplawupdates.in/updates/rbi-eleventh-amendment-directions-2026-leverage-ratio-basel","Update Detail (Article)","200","https://www.corplawupdates.in/updates/rbi-eleventh-amendment-directions-2026-leverage-ratio-basel","Indexable (Index, Follow)","Template Verified & Sitemap In-Scope","0","Template-level: large CSS bundle (454KB), font toggle accessible name mismatch"
"https://www.corplawupdates.in/updates/rbi-draft-cva-framework-directions-2026","Update Detail (Article)","200","https://www.corplawupdates.in/updates/rbi-draft-cva-framework-directions-2026","Indexable (Index, Follow)","Template Verified & Sitemap In-Scope","0","Template-level: large CSS bundle (454KB), font toggle accessible name mismatch"
"https://www.corplawupdates.in/updates/rbi-amendment-directions-recovery-agents-loan-dues-2026","Update Detail (Article)","200","https://www.corplawupdates.in/updates/rbi-amendment-directions-recovery-agents-loan-dues-2026","Indexable (Index, Follow)","Template Verified & Sitemap In-Scope","0","Template-level: large CSS bundle (454KB), font toggle accessible name mismatch"
"https://www.corplawupdates.in/updates/rbi-draft-rcb-concentration-risk-credit-facilities-2026","Update Detail (Article)","200","https://www.corplawupdates.in/updates/rbi-draft-rcb-concentration-risk-credit-facilities-2026","Indexable (Index, Follow)","Template Verified & Sitemap In-Scope","0","Template-level: large CSS bundle (454KB), font toggle accessible name mismatch"
"https://www.corplawupdates.in/updates/rbi-draft-guidelines-on-tap-ucb-licensing-2026","Update Detail (Article)","200","https://www.corplawupdates.in/updates/rbi-draft-guidelines-on-tap-ucb-licensing-2026","Indexable (Index, Follow)","Template Verified & Sitemap In-Scope","0","Template-level: large CSS bundle (454KB), font toggle accessible name mismatch"
"https://www.corplawupdates.in/updates/sebi-consultation-paper-dr-reits-invits-2026","Update Detail (Article)","200","https://www.corplawupdates.in/updates/sebi-consultation-paper-dr-reits-invits-2026","Indexable (Index, Follow)","Template Verified & Sitemap In-Scope","0","Template-level: large CSS bundle (454KB), font toggle accessible name mismatch"
"https://www.corplawupdates.in/updates/rbi-consolidated-supervisory-directions-628-circulars-64-master-directions-2026","Update Detail (Article)","200","https://www.corplawupdates.in/updates/rbi-consolidated-supervisory-directions-628-circulars-64-master-directions-2026","Indexable (Index, Follow)","Template Verified & Sitemap In-Scope","0","Template-level: large CSS bundle (454KB), font toggle accessible name mismatch"
"https://www.corplawupdates.in/updates/sebi-digital-accessibility-audit-deadline-extension-2026","Update Detail (Article)","200","https://www.corplawupdates.in/updates/sebi-digital-accessibility-audit-deadline-extension-2026","Indexable (Index, Follow)","Template Verified & Sitemap In-Scope","0","Template-level: large CSS bundle (454KB), font toggle accessible name mismatch"
"https://www.corplawupdates.in/updates/rbi-interest-rate-on-deposits-amendment-directions-2026","Update Detail (Article)","200","https://www.corplawupdates.in/updates/rbi-interest-rate-on-deposits-amendment-directions-2026","Indexable (Index, Follow)","Template Verified & Sitemap In-Scope","0","Template-level: large CSS bundle (454KB), font toggle accessible name mismatch"
"https://www.corplawupdates.in/updates/sebi-garuda-mechanism-aif-placement-memorandum-2026","Update Detail (Article)","200","https://www.corplawupdates.in/updates/sebi-garuda-mechanism-aif-placement-memorandum-2026","Indexable (Index, Follow)","Template Verified & Sitemap In-Scope","0","Template-level: large CSS bundle (454KB), font toggle accessible name mismatch"
"https://www.corplawupdates.in/updates/cci-reoi-market-study-institutions-empanelment-eligibility-clarifications-2026","Update Detail (Article)","200","https://www.corplawupdates.in/updates/cci-reoi-market-study-institutions-empanelment-eligibility-clarifications-2026","Indexable (Index, Follow)","Template Verified & Sitemap In-Scope","0","Template-level: large CSS bundle (454KB), font toggle accessible name mismatch"
"https://www.corplawupdates.in/updates/rbi-draft-securitisation-transactions-amendment-directions-2026","Update Detail (Article)","200","https://www.corplawupdates.in/updates/rbi-draft-securitisation-transactions-amendment-directions-2026","Indexable (Index, Follow)","Template Verified & Sitemap In-Scope","0","Template-level: large CSS bundle (454KB), font toggle accessible name mismatch"
"https://www.corplawupdates.in/updates/mca-ipie-stakeholder-consultation-2026","Update Detail (Article)","200","https://www.corplawupdates.in/updates/mca-ipie-stakeholder-consultation-2026","Indexable (Index, Follow)","Template Verified & Sitemap In-Scope","0","Template-level: large CSS bundle (454KB), font toggle accessible name mismatch"
"https://www.corplawupdates.in/updates/sebi-simplified-transmission-framework-securities-2026","Update Detail (Article)","200","https://www.corplawupdates.in/updates/sebi-simplified-transmission-framework-securities-2026","Indexable (Index, Follow)","Template Verified & Sitemap In-Scope","0","Template-level: large CSS bundle (454KB), font toggle accessible name mismatch"
"https://www.corplawupdates.in/updates/sebi-isin-freeze-promoter-holdings-buyback-2026","Update Detail (Article)","200","https://www.corplawupdates.in/updates/sebi-isin-freeze-promoter-holdings-buyback-2026","Indexable (Index, Follow)","Template Verified & Sitemap In-Scope","0","Template-level: large CSS bundle (454KB), font toggle accessible name mismatch"
"https://www.corplawupdates.in/updates/sebi-nism-series-v-d-sif-distributor-certification-2026","Update Detail (Article)","200","https://www.corplawupdates.in/updates/sebi-nism-series-v-d-sif-distributor-certification-2026","Indexable (Index, Follow)","Template Verified & Sitemap In-Scope","0","Template-level: large CSS bundle (454KB), font toggle accessible name mismatch"
"https://www.corplawupdates.in/updates/rbi-draft-fema-foreign-investment-rules-2026","Update Detail (Article)","200","https://www.corplawupdates.in/updates/rbi-draft-fema-foreign-investment-rules-2026","Indexable (Index, Follow)","Template Verified & Sitemap In-Scope","0","Template-level: large CSS bundle (454KB), font toggle accessible name mismatch"
"https://www.corplawupdates.in/updates/sebi-caution-boss-scam-ceo-md-impersonation-fraud-2026","Update Detail (Article)","200","https://www.corplawupdates.in/updates/sebi-caution-boss-scam-ceo-md-impersonation-fraud-2026","Indexable (Index, Follow)","Template Verified & Sitemap In-Scope","0","Template-level: large CSS bundle (454KB), font toggle accessible name mismatch"
"https://www.corplawupdates.in/updates/sebi-swp-stp-demat-mutual-fund-units-2026","Update Detail (Article)","200","https://www.corplawupdates.in/updates/sebi-swp-stp-demat-mutual-fund-units-2026","Indexable (Index, Follow)","Template Verified & Sitemap In-Scope","0","Template-level: large CSS bundle (454KB), font toggle accessible name mismatch"
"https://www.corplawupdates.in/updates/rbi-governance-amendment-directions-board-matters-2026","Update Detail (Article)","200","https://www.corplawupdates.in/updates/rbi-governance-amendment-directions-board-matters-2026","Indexable (Index, Follow)","Template Verified & Sitemap In-Scope","0","Template-level: large CSS bundle (454KB), font toggle accessible name mismatch"
"https://www.corplawupdates.in/updates/sebi-code-of-conduct-members-2026","Update Detail (Article)","200","https://www.corplawupdates.in/updates/sebi-code-of-conduct-members-2026","Indexable (Index, Follow)","Template Verified & Sitemap In-Scope","0","Template-level: large CSS bundle (454KB), font toggle accessible name mismatch"
"https://www.corplawupdates.in/updates/rbi-draft-one-time-approval-bank-shareholding-2026","Update Detail (Article)","200","https://www.corplawupdates.in/updates/rbi-draft-one-time-approval-bank-shareholding-2026","Indexable (Index, Follow)","Template Verified & Sitemap In-Scope","0","Template-level: large CSS bundle (454KB), font toggle accessible name mismatch"
"https://www.corplawupdates.in/updates/sebi-fvci-amendment-regulations-2026-usd-inr-fees","Update Detail (Article)","200","https://www.corplawupdates.in/updates/sebi-fvci-amendment-regulations-2026-usd-inr-fees","Indexable (Index, Follow)","Template Verified & Sitemap In-Scope","0","Template-level: large CSS bundle (454KB), font toggle accessible name mismatch"
"https://www.corplawupdates.in/updates/sebi-fpi-amendment-regulations-2026-usd-inr-fees","Update Detail (Article)","200","https://www.corplawupdates.in/updates/sebi-fpi-amendment-regulations-2026-usd-inr-fees","Indexable (Index, Follow)","Template Verified & Sitemap In-Scope","0","Template-level: large CSS bundle (454KB), font toggle accessible name mismatch"
"https://www.corplawupdates.in/updates/sebi-intraday-borrowing-facility-mutual-funds-2026","Update Detail (Article)","200","https://www.corplawupdates.in/updates/sebi-intraday-borrowing-facility-mutual-funds-2026","Indexable (Index, Follow)","Template Verified & Sitemap In-Scope","0","Template-level: large CSS bundle (454KB), font toggle accessible name mismatch"
"https://www.corplawupdates.in/updates/sebi-custodian-amendment-regulations-2026-monthly-fee","Update Detail (Article)","200","https://www.corplawupdates.in/updates/sebi-custodian-amendment-regulations-2026-monthly-fee","Indexable (Index, Follow)","Template Verified & Sitemap In-Scope","0","Template-level: large CSS bundle (454KB), font toggle accessible name mismatch"
"https://www.corplawupdates.in/updates/ibbi-pgirp-forms-deadline-extension-2026","Update Detail (Article)","200","https://www.corplawupdates.in/updates/ibbi-pgirp-forms-deadline-extension-2026","Indexable (Index, Follow)","Template Verified & Sitemap In-Scope","0","Template-level: large CSS bundle (454KB), font toggle accessible name mismatch"
"https://www.corplawupdates.in/updates/mca-ccfs-2026-extension-31-august-2026","Update Detail (Article)","200","https://www.corplawupdates.in/updates/mca-ccfs-2026-extension-31-august-2026","Indexable (Index, Follow)","Template Verified & Sitemap In-Scope","0","Template-level: large CSS bundle (454KB), font toggle accessible name mismatch"
"https://www.corplawupdates.in/updates/sebi-securitised-debt-instruments-amendment-regulations-2026","Update Detail (Article)","200","https://www.corplawupdates.in/updates/sebi-securitised-debt-instruments-amendment-regulations-2026","Indexable (Index, Follow)","Template Verified & Sitemap In-Scope","0","Template-level: large CSS bundle (454KB), font toggle accessible name mismatch"
"https://www.corplawupdates.in/updates/sebi-ipf-interest-utilisation-norms-depositories-2026","Update Detail (Article)","200","https://www.corplawupdates.in/updates/sebi-ipf-interest-utilisation-norms-depositories-2026","Indexable (Index, Follow)","Template Verified & Sitemap In-Scope","0","Template-level: large CSS bundle (454KB), font toggle accessible name mismatch"
"https://www.corplawupdates.in/updates/sebi-circular-unpaid-securities-trading-members-2026","Update Detail (Article)","200","https://www.corplawupdates.in/updates/sebi-circular-unpaid-securities-trading-members-2026","Indexable (Index, Follow)","Template Verified & Sitemap In-Scope","0","Template-level: large CSS bundle (454KB), font toggle accessible name mismatch"
"https://www.corplawupdates.in/updates/ibbi-discussion-paper-cirp-liquidation-pg-regulations-2026","Update Detail (Article)","200","https://www.corplawupdates.in/updates/ibbi-discussion-paper-cirp-liquidation-pg-regulations-2026","Indexable (Index, Follow)","Template Verified & Sitemap In-Scope","0","Template-level: large CSS bundle (454KB), font toggle accessible name mismatch"
"https://www.corplawupdates.in/updates/ibbi-phase-10-syllabus-limited-insolvency-examination-2026","Update Detail (Article)","200","https://www.corplawupdates.in/updates/ibbi-phase-10-syllabus-limited-insolvency-examination-2026","Indexable (Index, Follow)","Template Verified & Sitemap In-Scope","0","Template-level: large CSS bundle (454KB), font toggle accessible name mismatch"
"https://www.corplawupdates.in/updates/sebi-settlement-helpdesk-facility-2026-pr-38","Update Detail (Article)","200","https://www.corplawupdates.in/updates/sebi-settlement-helpdesk-facility-2026-pr-38","Indexable (Index, Follow)","Template Verified & Sitemap In-Scope","0","Template-level: large CSS bundle (454KB), font toggle accessible name mismatch"
"https://www.corplawupdates.in/updates/rbi-nbfc-type-i-registration-amendment-directions-2026-deregistration","Update Detail (Article)","200","https://www.corplawupdates.in/updates/rbi-nbfc-type-i-registration-amendment-directions-2026-deregistration","Indexable (Index, Follow)","Template Verified & Sitemap In-Scope","0","Template-level: large CSS bundle (454KB), font toggle accessible name mismatch"
"https://www.corplawupdates.in/updates/sebi-consultation-aif-investor-consent-conflicted-transactions-2026","Update Detail (Article)","200","https://www.corplawupdates.in/updates/sebi-consultation-aif-investor-consent-conflicted-transactions-2026","Indexable (Index, Follow)","Template Verified & Sitemap In-Scope","0","Template-level: large CSS bundle (454KB), font toggle accessible name mismatch"
"https://www.corplawupdates.in/updates/ibbi-discussion-paper-real-estate-insolvency-2026","Update Detail (Article)","200","https://www.corplawupdates.in/updates/ibbi-discussion-paper-real-estate-insolvency-2026","Indexable (Index, Follow)","Template Verified & Sitemap In-Scope","0","Template-level: large CSS bundle (454KB), font toggle accessible name mismatch"
"https://www.corplawupdates.in/updates/rbi-fema-deposit-sixth-amendment-2026-snrr-account-rules","Update Detail (Article)","200","https://www.corplawupdates.in/updates/rbi-fema-deposit-sixth-amendment-2026-snrr-account-rules","Indexable (Index, Follow)","Template Verified & Sitemap In-Scope","0","Template-level: large CSS bundle (454KB), font toggle accessible name mismatch"
"https://www.corplawupdates.in/updates/form-dir-12-director-kmp-appointment-filing-guide-companies-act-2013","Update Detail (Article)","200","https://www.corplawupdates.in/updates/form-dir-12-director-kmp-appointment-filing-guide-companies-act-2013","Indexable (Index, Follow)","Template Verified & Sitemap In-Scope","0","Template-level: large CSS bundle (454KB), font toggle accessible name mismatch"
"https://www.corplawupdates.in/updates/mca-data-centre-fire-relief-package-dpt3-name-reservation-ccfs-2026","Update Detail (Article)","200","https://www.corplawupdates.in/updates/mca-data-centre-fire-relief-package-dpt3-name-reservation-ccfs-2026","Indexable (Index, Follow)","Template Verified & Sitemap In-Scope","0","Template-level: large CSS bundle (454KB), font toggle accessible name mismatch"
"https://www.corplawupdates.in/updates/mca-companies-compliance-facilitation-scheme-ccfs-2026","Update Detail (Article)","200","https://www.corplawupdates.in/updates/mca-companies-compliance-facilitation-scheme-ccfs-2026","Indexable (Index, Follow)","Template Verified & Sitemap In-Scope","0","Template-level: large CSS bundle (454KB), font toggle accessible name mismatch"
"https://www.corplawupdates.in/updates/corporate-mitra-scheme-2026-mca-paraprofessional-msme","Update Detail (Article)","200","https://www.corplawupdates.in/updates/corporate-mitra-scheme-2026-mca-paraprofessional-msme","Indexable (Index, Follow)","Template Verified & Sitemap In-Scope","0","Template-level: large CSS bundle (454KB), font toggle accessible name mismatch"
"https://www.corplawupdates.in/updates/rbi-master-direction-credit-derivatives-2026","Update Detail (Article)","200","https://www.corplawupdates.in/updates/rbi-master-direction-credit-derivatives-2026","Indexable (Index, Follow)","Template Verified & Sitemap In-Scope","0","Template-level: large CSS bundle (454KB), font toggle accessible name mismatch"
"https://www.corplawupdates.in/updates/rbi-draft-master-direction-secondary-market-govt-securities-2026","Update Detail (Article)","200","https://www.corplawupdates.in/updates/rbi-draft-master-direction-secondary-market-govt-securities-2026","Indexable (Index, Follow)","Template Verified & Sitemap In-Scope","0","Template-level: large CSS bundle (454KB), font toggle accessible name mismatch"
"https://www.corplawupdates.in/updates/rbi-fraudulent-ebt-customer-protection-compensation-directions","Update Detail (Article)","200","https://www.corplawupdates.in/updates/rbi-fraudulent-ebt-customer-protection-compensation-directions","Indexable (Index, Follow)","Template Verified & Sitemap In-Scope","0","Template-level: large CSS bundle (454KB), font toggle accessible name mismatch"
"https://www.corplawupdates.in/updates/rbi-nbfc-upper-layer-identification-asset-threshold-government-nbfc-2026","Update Detail (Article)","200","https://www.corplawupdates.in/updates/rbi-nbfc-upper-layer-identification-asset-threshold-government-nbfc-2026","Indexable (Index, Follow)","Template Verified & Sitemap In-Scope","0","Template-level: large CSS bundle (454KB), font toggle accessible name mismatch"
"https://www.corplawupdates.in/updates/rbi-withdraws-732-fema-circulars-rationalisation-2026","Update Detail (Article)","200","https://www.corplawupdates.in/updates/rbi-withdraws-732-fema-circulars-rationalisation-2026","Indexable (Index, Follow)","Template Verified & Sitemap In-Scope","0","Template-level: large CSS bundle (454KB), font toggle accessible name mismatch"
"https://www.corplawupdates.in/updates/sebi-relaxes-nism-certification-sales-non-core-paia","Update Detail (Article)","200","https://www.corplawupdates.in/updates/sebi-relaxes-nism-certification-sales-non-core-paia","Indexable (Index, Follow)","Template Verified & Sitemap In-Scope","0","Template-level: large CSS bundle (454KB), font toggle accessible name mismatch"
"https://www.corplawupdates.in/updates/rbi-draft-guidance-model-risk-management-2026-ai-ml-banks-nbfcs","Update Detail (Article)","200","https://www.corplawupdates.in/updates/rbi-draft-guidance-model-risk-management-2026-ai-ml-banks-nbfcs","Indexable (Index, Follow)","Template Verified & Sitemap In-Scope","0","Template-level: large CSS bundle (454KB), font toggle accessible name mismatch"
"https://www.corplawupdates.in/updates/sebi-common-advertisement-code-cac-regulated-entities","Update Detail (Article)","200","https://www.corplawupdates.in/updates/sebi-common-advertisement-code-cac-regulated-entities","Indexable (Index, Follow)","Template Verified & Sitemap In-Scope","0","Template-level: large CSS bundle (454KB), font toggle accessible name mismatch"
"https://www.corplawupdates.in/updates/rbi-master-direction-trade-receivables-discounting-system-treds-2026","Update Detail (Article)","200","https://www.corplawupdates.in/updates/rbi-master-direction-trade-receivables-discounting-system-treds-2026","Indexable (Index, Follow)","Template Verified & Sitemap In-Scope","0","Template-level: large CSS bundle (454KB), font toggle accessible name mismatch"
"https://www.corplawupdates.in/updates/rbi-withdraws-fcnr-b-nre-deposit-interest-rate-ceiling-june-2026","Update Detail (Article)","200","https://www.corplawupdates.in/updates/rbi-withdraws-fcnr-b-nre-deposit-interest-rate-ceiling-june-2026","Indexable (Index, Follow)","Template Verified & Sitemap In-Scope","0","Template-level: large CSS bundle (454KB), font toggle accessible name mismatch"
"https://www.corplawupdates.in/updates/rbi-daily-reporting-fcnr-b-ecb-ofcb-swap-facility-circular-15-2026","Update Detail (Article)","200","https://www.corplawupdates.in/updates/rbi-daily-reporting-fcnr-b-ecb-ofcb-swap-facility-circular-15-2026","Indexable (Index, Follow)","Template Verified & Sitemap In-Scope","0","Template-level: large CSS bundle (454KB), font toggle accessible name mismatch"
"https://www.corplawupdates.in/updates/fema-395-4-2026-rb-nri-oci-mode-payment-non-debt-instruments-amendment","Update Detail (Article)","200","https://www.corplawupdates.in/updates/fema-395-4-2026-rb-nri-oci-mode-payment-non-debt-instruments-amendment","Indexable (Index, Follow)","Template Verified & Sitemap In-Scope","0","Template-level: large CSS bundle (454KB), font toggle accessible name mismatch"
"https://www.corplawupdates.in/updates/sebi-consultation-paper-trading-software-technology-mii-it-circular-june-2026","Update Detail (Article)","200","https://www.corplawupdates.in/updates/sebi-consultation-paper-trading-software-technology-mii-it-circular-june-2026","Indexable (Index, Follow)","Template Verified & Sitemap In-Scope","0","Template-level: large CSS bundle (454KB), font toggle accessible name mismatch"
"https://www.corplawupdates.in/updates/sebi-securities-market-techsprint-gff-2026","Update Detail (Article)","200","https://www.corplawupdates.in/updates/sebi-securities-market-techsprint-gff-2026","Indexable (Index, Follow)","Template Verified & Sitemap In-Scope","0","Template-level: large CSS bundle (454KB), font toggle accessible name mismatch"
"https://www.corplawupdates.in/updates/rbi-crr-slr-third-amendment-directions-2026-nre-deposit-exemption","Update Detail (Article)","200","https://www.corplawupdates.in/updates/rbi-crr-slr-third-amendment-directions-2026-nre-deposit-exemption","Indexable (Index, Follow)","Template Verified & Sitemap In-Scope","0","Template-level: large CSS bundle (454KB), font toggle accessible name mismatch"
"https://www.corplawupdates.in/updates/mca-name-reservation-resubmission-extension-july-2026-data-centre-fire","Update Detail (Article)","200","https://www.corplawupdates.in/updates/mca-name-reservation-resubmission-extension-july-2026-data-centre-fire","Indexable (Index, Follow)","Template Verified & Sitemap In-Scope","0","Template-level: large CSS bundle (454KB), font toggle accessible name mismatch"
"https://www.corplawupdates.in/updates/rbi-revised-lead-bank-scheme-circular-june-2026","Update Detail (Article)","200","https://www.corplawupdates.in/updates/rbi-revised-lead-bank-scheme-circular-june-2026","Indexable (Index, Follow)","Template Verified & Sitemap In-Scope","0","Template-level: large CSS bundle (454KB), font toggle accessible name mismatch"
"https://www.corplawupdates.in/updates/mca-dpt3-due-date-extended-31-july-2026","Update Detail (Article)","200","https://www.corplawupdates.in/updates/mca-dpt3-due-date-extended-31-july-2026","Indexable (Index, Follow)","Template Verified & Sitemap In-Scope","0","Template-level: large CSS bundle (454KB), font toggle accessible name mismatch"
"https://www.corplawupdates.in/updates/sebi-early-pay-in-facility-commodity-options-june-2026","Update Detail (Article)","200","https://www.corplawupdates.in/updates/sebi-early-pay-in-facility-commodity-options-june-2026","Indexable (Index, Follow)","Template Verified & Sitemap In-Scope","0","Template-level: large CSS bundle (454KB), font toggle accessible name mismatch"
"https://www.corplawupdates.in/updates/sebi-warning-unlisted-securities-unauthorised-platforms-2026","Update Detail (Article)","200","https://www.corplawupdates.in/updates/sebi-warning-unlisted-securities-unauthorised-platforms-2026","Indexable (Index, Follow)","Template Verified & Sitemap In-Scope","0","Template-level: large CSS bundle (454KB), font toggle accessible name mismatch"
"https://www.corplawupdates.in/updates/ibbi-valuation-guidelines-registered-valuers-ibc-2026","Update Detail (Article)","200","https://www.corplawupdates.in/updates/ibbi-valuation-guidelines-registered-valuers-ibc-2026","Indexable (Index, Follow)","Template Verified & Sitemap In-Scope","0","Template-level: large CSS bundle (454KB), font toggle accessible name mismatch"
"https://www.corplawupdates.in/updates/sebi-aif-winding-up-inoperative-fund-circular-june-2026","Update Detail (Article)","200","https://www.corplawupdates.in/updates/sebi-aif-winding-up-inoperative-fund-circular-june-2026","Indexable (Index, Follow)","Template Verified & Sitemap In-Scope","0","Template-level: large CSS bundle (454KB), font toggle accessible name mismatch"
"https://www.corplawupdates.in/updates/rbi-master-directions-authorisation-operate-payment-system","Update Detail (Article)","200","https://www.corplawupdates.in/updates/rbi-master-directions-authorisation-operate-payment-system","Indexable (Index, Follow)","Template Verified & Sitemap In-Scope","0","Template-level: large CSS bundle (454KB), font toggle accessible name mismatch"
"https://www.corplawupdates.in/updates/rbi-tightens-rules-advertising-marketing-sale-financial-products-regulated-entities","Update Detail (Article)","200","https://www.corplawupdates.in/updates/rbi-tightens-rules-advertising-marketing-sale-financial-products-regulated-entities","Indexable (Index, Follow)","Template Verified & Sitemap In-Scope","0","Template-level: large CSS bundle (454KB), font toggle accessible name mismatch"
"https://www.corplawupdates.in/updates/sebi-etf-circular-2026-base-price-price-bands-close-out","Update Detail (Article)","200","https://www.corplawupdates.in/updates/sebi-etf-circular-2026-base-price-price-bands-close-out","Indexable (Index, Follow)","Template Verified & Sitemap In-Scope","0","Template-level: large CSS bundle (454KB), font toggle accessible name mismatch"
"https://www.corplawupdates.in/updates/ibbi-information-utilities-regulations-2017-june-2026-amendments","Update Detail (Article)","200","https://www.corplawupdates.in/updates/ibbi-information-utilities-regulations-2017-june-2026-amendments","Indexable (Index, Follow)","Template Verified & Sitemap In-Scope","0","Template-level: large CSS bundle (454KB), font toggle accessible name mismatch"
"https://www.corplawupdates.in/updates/ibbi-personal-guarantor-insolvency-irp-regulations-2019-amended-june-2026","Update Detail (Article)","200","https://www.corplawupdates.in/updates/ibbi-personal-guarantor-insolvency-irp-regulations-2019-amended-june-2026","Indexable (Index, Follow)","Template Verified & Sitemap In-Scope","0","Template-level: large CSS bundle (454KB), font toggle accessible name mismatch"
"https://www.corplawupdates.in/updates/fema-export-realisation-period-9-months-first-amendment-2026","Update Detail (Article)","200","https://www.corplawupdates.in/updates/fema-export-realisation-period-9-months-first-amendment-2026","Indexable (Index, Follow)","Template Verified & Sitemap In-Scope","0","Template-level: large CSS bundle (454KB), font toggle accessible name mismatch"
"https://www.corplawupdates.in/updates/fema-cross-border-merger-amendment-2026-competent-authority","Update Detail (Article)","200","https://www.corplawupdates.in/updates/fema-cross-border-merger-amendment-2026-competent-authority","Indexable (Index, Follow)","Template Verified & Sitemap In-Scope","0","Template-level: large CSS bundle (454KB), font toggle accessible name mismatch"
"https://www.corplawupdates.in/updates/form-aoc-4-filing-fy-2025-26-mca-v3-changes","Update Detail (Article)","200","https://www.corplawupdates.in/updates/form-aoc-4-filing-fy-2025-26-mca-v3-changes","Indexable (Index, Follow)","Template Verified & Sitemap In-Scope","0","Template-level: large CSS bundle (454KB), font toggle accessible name mismatch"
"https://www.corplawupdates.in/updates/sebi-merchant-banker-compliance-deadline-extension-june-2026","Update Detail (Article)","200","https://www.corplawupdates.in/updates/sebi-merchant-banker-compliance-deadline-extension-june-2026","Indexable (Index, Follow)","Template Verified & Sitemap In-Scope","0","Template-level: large CSS bundle (454KB), font toggle accessible name mismatch"
"https://www.corplawupdates.in/updates/rbi-bank-lending-framework-reits-invits-2026","Update Detail (Article)","200","https://www.corplawupdates.in/updates/rbi-bank-lending-framework-reits-invits-2026","Indexable (Index, Follow)","Template Verified & Sitemap In-Scope","0","Template-level: large CSS bundle (454KB), font toggle accessible name mismatch"
"https://www.corplawupdates.in/updates/rbi-crr-slr-exemption-fcnr-b-deposits-june-2026","Update Detail (Article)","200","https://www.corplawupdates.in/updates/rbi-crr-slr-exemption-fcnr-b-deposits-june-2026","Indexable (Index, Follow)","Template Verified & Sitemap In-Scope","0","Template-level: large CSS bundle (454KB), font toggle accessible name mismatch"
"https://www.corplawupdates.in/updates/rbi-mpc-repo-rate-june-2026","Update Detail (Article)","200","https://www.corplawupdates.in/updates/rbi-mpc-repo-rate-june-2026","Indexable (Index, Follow)","Template Verified & Sitemap In-Scope","0","Template-level: large CSS bundle (454KB), font toggle accessible name mismatch"
"https://www.corplawupdates.in/updates/companies-registered-valuers-valuation-amendment-rules-2026-gsr-432e","Update Detail (Article)","200","https://www.corplawupdates.in/updates/companies-registered-valuers-valuation-amendment-rules-2026-gsr-432e","Indexable (Index, Follow)","Template Verified & Sitemap In-Scope","0","Template-level: large CSS bundle (454KB), font toggle accessible name mismatch"
"https://www.corplawupdates.in/updates/buy-back-of-shares-companies-act-2013-sebi-buyback-regulations","Update Detail (Article)","200","https://www.corplawupdates.in/updates/buy-back-of-shares-companies-act-2013-sebi-buyback-regulations","Indexable (Index, Follow)","Template Verified & Sitemap In-Scope","0","Template-level: large CSS bundle (454KB), font toggle accessible name mismatch"
"https://www.corplawupdates.in/updates/sebi-modified-nomination-norms-demat-accounts-mutual-fund-folios-2026-circular","Update Detail (Article)","200","https://www.corplawupdates.in/updates/sebi-modified-nomination-norms-demat-accounts-mutual-fund-folios-2026-circular","Indexable (Index, Follow)","Template Verified & Sitemap In-Scope","0","Template-level: large CSS bundle (454KB), font toggle accessible name mismatch"
"https://www.corplawupdates.in/updates/mca-csr-zero-coupon-zero-principal-instruments-social-stock-exchange","Update Detail (Article)","200","https://www.corplawupdates.in/updates/mca-csr-zero-coupon-zero-principal-instruments-social-stock-exchange","Indexable (Index, Follow)","Template Verified & Sitemap In-Scope","0","Template-level: large CSS bundle (454KB), font toggle accessible name mismatch"
"https://www.corplawupdates.in/updates/rbi-mandates-3-year-cooling-off-period-for-co-operative-bank-directors-after-10-year-tenure-ucb-rcb-amendment-directions-2026","Update Detail (Article)","200","https://www.corplawupdates.in/updates/rbi-mandates-3-year-cooling-off-period-for-co-operative-bank-directors-after-10-year-tenure-ucb-rcb-amendment-directions-2026","Indexable (Index, Follow)","Template Verified & Sitemap In-Scope","0","Template-level: large CSS bundle (454KB), font toggle accessible name mismatch"
"https://www.corplawupdates.in/updates/sebi-stock-broker-regulations-2026-proposed-changes-impact-analysis","Update Detail (Article)","200","https://www.corplawupdates.in/updates/sebi-stock-broker-regulations-2026-proposed-changes-impact-analysis","Indexable (Index, Follow)","Template Verified & Sitemap In-Scope","0","Template-level: large CSS bundle (454KB), font toggle accessible name mismatch"
"https://www.corplawupdates.in/updates/form-dpt-3-filing-guide-fy-2025-26","Update Detail (Article)","200","https://www.corplawupdates.in/updates/form-dpt-3-filing-guide-fy-2025-26","Indexable (Index, Follow)","Template Verified & Sitemap In-Scope","0","Template-level: large CSS bundle (454KB), font toggle accessible name mismatch"
"https://www.corplawupdates.in/updates/sebi-stock-brokers-regulations-2026","Update Detail (Article)","200","https://www.corplawupdates.in/updates/sebi-stock-brokers-regulations-2026","Indexable (Index, Follow)","Template Verified & Sitemap In-Scope","0","Template-level: large CSS bundle (454KB), font toggle accessible name mismatch"
"https://www.corplawupdates.in/updates/sebi-mutual-funds-regulations-2026","Update Detail (Article)","200","https://www.corplawupdates.in/updates/sebi-mutual-funds-regulations-2026","Indexable (Index, Follow)","Template Verified & Sitemap In-Scope","0","Template-level: large CSS bundle (454KB), font toggle accessible name mismatch"
"https://www.corplawupdates.in/updates/rbi-loan-recovery-rules-2026-device-lock-guidelines","Update Detail (Article)","200","https://www.corplawupdates.in/updates/rbi-loan-recovery-rules-2026-device-lock-guidelines","Indexable (Index, Follow)","Template Verified & Sitemap In-Scope","0","Template-level: large CSS bundle (454KB), font toggle accessible name mismatch"
"https://www.corplawupdates.in/updates/sebi-revises-monthly-cumulative-report-mcr-format-for-mutual-funds","Update Detail (Article)","200","https://www.corplawupdates.in/updates/sebi-revises-monthly-cumulative-report-mcr-format-for-mutual-funds","Indexable (Index, Follow)","Template Verified & Sitemap In-Scope","0","Template-level: large CSS bundle (454KB), font toggle accessible name mismatch"
"https://www.corplawupdates.in/updates/sebi-consultation-paper-call-records-institutional-clients","Update Detail (Article)","200","https://www.corplawupdates.in/updates/sebi-consultation-paper-call-records-institutional-clients","Indexable (Index, Follow)","Template Verified & Sitemap In-Scope","0","Template-level: large CSS bundle (454KB), font toggle accessible name mismatch"
"https://www.corplawupdates.in/updates/sebi-2026-municipal-debt-securities-consultation","Update Detail (Article)","200","https://www.corplawupdates.in/updates/sebi-2026-municipal-debt-securities-consultation","Indexable (Index, Follow)","Template Verified & Sitemap In-Scope","0","Template-level: large CSS bundle (454KB), font toggle accessible name mismatch"
"https://www.corplawupdates.in/updates/sebi-cbdt-fpi-pan-allotment-rules-2026","Update Detail (Article)","200","https://www.corplawupdates.in/updates/sebi-cbdt-fpi-pan-allotment-rules-2026","Indexable (Index, Follow)","Template Verified & Sitemap In-Scope","0","Template-level: large CSS bundle (454KB), font toggle accessible name mismatch"
"https://www.corplawupdates.in/updates/sebi-spv-status-post-concession-invits-may-2026","Update Detail (Article)","200","https://www.corplawupdates.in/updates/sebi-spv-status-post-concession-invits-may-2026","Indexable (Index, Follow)","Template Verified & Sitemap In-Scope","0","Template-level: large CSS bundle (454KB), font toggle accessible name mismatch"
"https://www.corplawupdates.in/updates/sebi-master-circular-on-surveillance-of-securities-market-2026-key-changes-impact-and-compliance-updates","Update Detail (Article)","200","https://www.corplawupdates.in/updates/sebi-master-circular-on-surveillance-of-securities-market-2026-key-changes-impact-and-compliance-updates","Indexable (Index, Follow)","Template Verified & Sitemap In-Scope","0","Template-level: large CSS bundle (454KB), font toggle accessible name mismatch"
"https://www.corplawupdates.in/updates/sebi-invit-borrowings-beyond-49-percent-2026","Update Detail (Article)","200","https://www.corplawupdates.in/updates/sebi-invit-borrowings-beyond-49-percent-2026","Indexable (Index, Follow)","Template Verified & Sitemap In-Scope","0","Template-level: large CSS bundle (454KB), font toggle accessible name mismatch"
"https://www.corplawupdates.in/updates/sebi-derivatives-market-reforms-consultation-paper-2026","Update Detail (Article)","200","https://www.corplawupdates.in/updates/sebi-derivatives-market-reforms-consultation-paper-2026","Indexable (Index, Follow)","Template Verified & Sitemap In-Scope","0","Template-level: large CSS bundle (454KB), font toggle accessible name mismatch"
"https://www.corplawupdates.in/updates/sebi-intraday-borrowing-mutual-funds-may-2026","Update Detail (Article)","200","https://www.corplawupdates.in/updates/sebi-intraday-borrowing-mutual-funds-may-2026","Indexable (Index, Follow)","Template Verified & Sitemap In-Scope","0","Template-level: large CSS bundle (454KB), font toggle accessible name mismatch"
"https://www.corplawupdates.in/updates/vistra-itcl-nclat-2026-covenant-to-pay-financial-creditor-ibc","Update Detail (Article)","200","https://www.corplawupdates.in/updates/vistra-itcl-nclat-2026-covenant-to-pay-financial-creditor-ibc","Indexable (Index, Follow)","Template Verified & Sitemap In-Scope","0","Template-level: large CSS bundle (454KB), font toggle accessible name mismatch"
"https://www.corplawupdates.in/updates/sebi-position-limits-penalty-commodity-derivatives-may-2026","Update Detail (Article)","200","https://www.corplawupdates.in/updates/sebi-position-limits-penalty-commodity-derivatives-may-2026","Indexable (Index, Follow)","Template Verified & Sitemap In-Scope","0","Template-level: large CSS bundle (454KB), font toggle accessible name mismatch"
"https://www.corplawupdates.in/updates/rbi-foreign-exchange-management-authorised-persons-regulations-2026-explained","Update Detail (Article)","200","https://www.corplawupdates.in/updates/rbi-foreign-exchange-management-authorised-persons-regulations-2026-explained","Indexable (Index, Follow)","Template Verified & Sitemap In-Scope","0","Template-level: large CSS bundle (454KB), font toggle accessible name mismatch"
"https://www.corplawupdates.in/updates/sebi-phased-physical-settlement-agri-commodities-2026","Update Detail (Article)","200","https://www.corplawupdates.in/updates/sebi-phased-physical-settlement-agri-commodities-2026","Indexable (Index, Follow)","Template Verified & Sitemap In-Scope","0","Template-level: large CSS bundle (454KB), font toggle accessible name mismatch"
"https://www.corplawupdates.in/updates/sebi-proposes-5-ipf-income-utilisation-for-depository-trust-expenses","Update Detail (Article)","200","https://www.corplawupdates.in/updates/sebi-proposes-5-ipf-income-utilisation-for-depository-trust-expenses","Indexable (Index, Follow)","Template Verified & Sitemap In-Scope","0","Template-level: large CSS bundle (454KB), font toggle accessible name mismatch"
"https://www.corplawupdates.in/updates/sebi-garuda-proposal-2026-aif-scheme-launch-reforms","Update Detail (Article)","200","https://www.corplawupdates.in/updates/sebi-garuda-proposal-2026-aif-scheme-launch-reforms","Indexable (Index, Follow)","Template Verified & Sitemap In-Scope","0","Template-level: large CSS bundle (454KB), font toggle accessible name mismatch"
"https://www.corplawupdates.in/updates/nclat-ibc-overrides-sebi-bse-demat-account-freeze-cirp-liquidation-section-60-5","Update Detail (Article)","200","https://www.corplawupdates.in/updates/nclat-ibc-overrides-sebi-bse-demat-account-freeze-cirp-liquidation-section-60-5","Indexable (Index, Follow)","Template Verified & Sitemap In-Scope","0","Template-level: large CSS bundle (454KB), font toggle accessible name mismatch"
"https://www.corplawupdates.in/updates/rbi-cet1-crar-quarterly-profit-amendment-directions-2026","Update Detail (Article)","200","https://www.corplawupdates.in/updates/rbi-cet1-crar-quarterly-profit-amendment-directions-2026","Indexable (Index, Follow)","Template Verified & Sitemap In-Scope","0","Template-level: large CSS bundle (454KB), font toggle accessible name mismatch"
"https://www.corplawupdates.in/updates/sebi-30-day-lag-educational-price-data-norms-2026","Update Detail (Article)","200","https://www.corplawupdates.in/updates/sebi-30-day-lag-educational-price-data-norms-2026","Indexable (Index, Follow)","Template Verified & Sitemap In-Scope","0","Template-level: large CSS bundle (454KB), font toggle accessible name mismatch"
"https://www.corplawupdates.in/updates/sebi-discontinues-irra-platform-what-changes-for-brokers-and-investors","Update Detail (Article)","200","https://www.corplawupdates.in/updates/sebi-discontinues-irra-platform-what-changes-for-brokers-and-investors","Indexable (Index, Follow)","Template Verified & Sitemap In-Scope","0","Template-level: large CSS bundle (454KB), font toggle accessible name mismatch"
"https://www.corplawupdates.in/updates/sebi-significant-indices-index-providers-regulations-2024-circular-may-2026","Update Detail (Article)","200","https://www.corplawupdates.in/updates/sebi-significant-indices-index-providers-regulations-2024-circular-may-2026","Indexable (Index, Follow)","Template Verified & Sitemap In-Scope","0","Template-level: large CSS bundle (454KB), font toggle accessible name mismatch"
"https://www.corplawupdates.in/updates/corporate-laws-amendment-bill-2026-analysis","Update Detail (Article)","200","https://www.corplawupdates.in/updates/corporate-laws-amendment-bill-2026-analysis","Indexable (Index, Follow)","Template Verified & Sitemap In-Scope","0","Template-level: large CSS bundle (454KB), font toggle accessible name mismatch"
"https://www.corplawupdates.in/updates/ibc-amendment-act-2026-key-changes-creditor-initiated-irp","Update Detail (Article)","200","https://www.corplawupdates.in/updates/ibc-amendment-act-2026-key-changes-creditor-initiated-irp","Indexable (Index, Follow)","Template Verified & Sitemap In-Scope","0","Template-level: large CSS bundle (454KB), font toggle accessible name mismatch"
"https://www.corplawupdates.in/updates/dir-3-kyc-web-2026-complete-guide","Update Detail (Article)","200","https://www.corplawupdates.in/updates/dir-3-kyc-web-2026-complete-guide","Indexable (Index, Follow)","Template Verified & Sitemap In-Scope","0","Template-level: large CSS bundle (454KB), font toggle accessible name mismatch"
"https://www.corplawupdates.in/updates/sebi-fast-track-mechanism-aif-ppm-filing-2026","Update Detail (Article)","200","https://www.corplawupdates.in/updates/sebi-fast-track-mechanism-aif-ppm-filing-2026","Indexable (Index, Follow)","Template Verified & Sitemap In-Scope","0","Template-level: large CSS bundle (454KB), font toggle accessible name mismatch"
"https://www.corplawupdates.in/updates/mca-advisory-name-reservation-incorporation-company-llp-2026","Update Detail (Article)","200","https://www.corplawupdates.in/updates/mca-advisory-name-reservation-incorporation-company-llp-2026","Indexable (Index, Follow)","Template Verified & Sitemap In-Scope","0","Template-level: large CSS bundle (454KB), font toggle accessible name mismatch"
"https://www.corplawupdates.in/updates/mca-companies-accounting-standards-amendment-rules-2026-as22-pillar-two","Update Detail (Article)","200","https://www.corplawupdates.in/updates/mca-companies-accounting-standards-amendment-rules-2026-as22-pillar-two","Indexable (Index, Follow)","Template Verified & Sitemap In-Scope","0","Template-level: large CSS bundle (454KB), font toggle accessible name mismatch"
"https://www.corplawupdates.in/updates/sebi-debenture-trustees-compliance-deadline-extension-october-2026","Update Detail (Article)","200","https://www.corplawupdates.in/updates/sebi-debenture-trustees-compliance-deadline-extension-october-2026","Indexable (Index, Follow)","Template Verified & Sitemap In-Scope","0","Template-level: large CSS bundle (454KB), font toggle accessible name mismatch"
"https://www.corplawupdates.in/updates/sebi-social-stock-exchange-npo-registration-3-years-zczp-subscription-50-percent-2026","Update Detail (Article)","200","https://www.corplawupdates.in/updates/sebi-social-stock-exchange-npo-registration-3-years-zczp-subscription-50-percent-2026","Indexable (Index, Follow)","Template Verified & Sitemap In-Scope","0","Template-level: large CSS bundle (454KB), font toggle accessible name mismatch"
"https://www.corplawupdates.in/updates/rbi-keeps-repo-rate-unchanged-at-525-mpc-april-2026-meeting-key-highlights","Update Detail (Article)","200","https://www.corplawupdates.in/updates/rbi-keeps-repo-rate-unchanged-at-525-mpc-april-2026-meeting-key-highlights","Indexable (Index, Follow)","Template Verified & Sitemap In-Scope","0","Template-level: large CSS bundle (454KB), font toggle accessible name mismatch"
"https://www.corplawupdates.in/updates/government-revises-minimum-public-shareholding-rules-for-ipos-securities-contracts-regulation-amendment-rules-2026","Update Detail (Article)","200","https://www.corplawupdates.in/updates/government-revises-minimum-public-shareholding-rules-for-ipos-securities-contracts-regulation-amendment-rules-2026","Indexable (Index, Follow)","Template Verified & Sitemap In-Scope","0","Template-level: large CSS bundle (454KB), font toggle accessible name mismatch"
"https://www.corplawupdates.in/updates/sebi-allows-net-settlement-of-funds-for-fpis-in-cash-market-major-relief-for-foreign-investors","Update Detail (Article)","200","https://www.corplawupdates.in/updates/sebi-allows-net-settlement-of-funds-for-fpis-in-cash-market-major-relief-for-foreign-investors","Indexable (Index, Follow)","Template Verified & Sitemap In-Scope","0","Template-level: large CSS bundle (454KB), font toggle accessible name mismatch"
"https://www.corplawupdates.in/updates/mca-introduces-companies-compliance-facilitation-scheme-2026-ccfs-2026-big-relief-for-defaulting-companies","Update Detail (Article)","200","https://www.corplawupdates.in/updates/mca-introduces-companies-compliance-facilitation-scheme-2026-ccfs-2026-big-relief-for-defaulting-companies","Indexable (Index, Follow)","Template Verified & Sitemap In-Scope","0","Template-level: large CSS bundle (454KB), font toggle accessible name mismatch"
"https://www.corplawupdates.in/updates/mca-proposes-major-changes-in-companies-incorporation-rules-2026","Update Detail (Article)","200","https://www.corplawupdates.in/updates/mca-proposes-major-changes-in-companies-incorporation-rules-2026","Indexable (Index, Follow)","Template Verified & Sitemap In-Scope","0","Template-level: large CSS bundle (454KB), font toggle accessible name mismatch"
"https://www.corplawupdates.in/updates/mca-amends-dir-3-kyc-web-filing-fees-2026","Update Detail (Article)","200","https://www.corplawupdates.in/updates/mca-amends-dir-3-kyc-web-filing-fees-2026","Indexable (Index, Follow)","Template Verified & Sitemap In-Scope","0","Template-level: large CSS bundle (454KB), font toggle accessible name mismatch"
"https://www.corplawupdates.in/documents/consultancy-agreement","Document Detail","200","https://www.corplawupdates.in/documents/consultancy-agreement","Indexable (Index, Follow)","Template Verified & Sitemap In-Scope","0","Clean / Template Pass"
"https://www.corplawupdates.in/documents/usufructuary-mortgage-deed","Document Detail","200","https://www.corplawupdates.in/documents/usufructuary-mortgage-deed","Indexable (Index, Follow)","Template Verified & Sitemap In-Scope","0","Clean / Template Pass"
"https://www.corplawupdates.in/documents/simple-mortgage-deed","Document Detail","200","https://www.corplawupdates.in/documents/simple-mortgage-deed","Indexable (Index, Follow)","Template Verified & Sitemap In-Scope","0","Clean / Template Pass"
"https://www.corplawupdates.in/documents/equitable-mortgage-deed","Document Detail","200","https://www.corplawupdates.in/documents/equitable-mortgage-deed","Indexable (Index, Follow)","Template Verified & Sitemap In-Scope","0","Clean / Template Pass"
"https://www.corplawupdates.in/documents/service-level-agreement","Document Detail","200","https://www.corplawupdates.in/documents/service-level-agreement","Indexable (Index, Follow)","Template Verified & Sitemap In-Scope","0","Clean / Template Pass"
"https://www.corplawupdates.in/documents/joint-venture-agreement","Document Detail","200","https://www.corplawupdates.in/documents/joint-venture-agreement","Indexable (Index, Follow)","Template Verified & Sitemap In-Scope","0","Clean / Template Pass"
"https://www.corplawupdates.in/documents/board-resolution-alteration-moa","Document Detail","200","https://www.corplawupdates.in/documents/board-resolution-alteration-moa","Indexable (Index, Follow)","Template Verified & Sitemap In-Scope","0","Clean / Template Pass"
"https://www.corplawupdates.in/documents/memorandum-of-understanding","Document Detail","200","https://www.corplawupdates.in/documents/memorandum-of-understanding","Indexable (Index, Follow)","Template Verified & Sitemap In-Scope","0","Clean / Template Pass"
"https://www.corplawupdates.in/documents/employment-agreement","Document Detail","200","https://www.corplawupdates.in/documents/employment-agreement","Indexable (Index, Follow)","Template Verified & Sitemap In-Scope","0","Clean / Template Pass"
"https://www.corplawupdates.in/documents/non-disclosure-agreement","Document Detail","200","https://www.corplawupdates.in/documents/non-disclosure-agreement","Indexable (Index, Follow)","Template Verified & Sitemap In-Scope","0","Clean / Template Pass"
"https://www.corplawupdates.in/documents/general-power-of-attorney","Document Detail","200","https://www.corplawupdates.in/documents/general-power-of-attorney","Indexable (Index, Follow)","Template Verified & Sitemap In-Scope","0","Clean / Template Pass"
"https://www.corplawupdates.in/documents/partnership-deed","Document Detail","200","https://www.corplawupdates.in/documents/partnership-deed","Indexable (Index, Follow)","Template Verified & Sitemap In-Scope","0","Clean / Template Pass"
"https://www.corplawupdates.in/documents/share-transfer-deed","Document Detail","200","https://www.corplawupdates.in/documents/share-transfer-deed","Indexable (Index, Follow)","Template Verified & Sitemap In-Scope","0","Clean / Template Pass"
"https://www.corplawupdates.in/documents/board-resolution-employee-loan","Document Detail","200","https://www.corplawupdates.in/documents/board-resolution-employee-loan","Indexable (Index, Follow)","Template Verified & Sitemap In-Scope","0","Clean / Template Pass"
"https://www.corplawupdates.in/documents/board-resolution-increase-authorized-capital","Document Detail","200","https://www.corplawupdates.in/documents/board-resolution-increase-authorized-capital","Indexable (Index, Follow)","Template Verified & Sitemap In-Scope","0","Clean / Template Pass"
"https://www.corplawupdates.in/documents/board-resolution-registered-office-change","Document Detail","200","https://www.corplawupdates.in/documents/board-resolution-registered-office-change","Indexable (Index, Follow)","Template Verified & Sitemap In-Scope","0","Clean / Template Pass"
"https://www.corplawupdates.in/documents/board-resolution-appoint-company-secretary","Document Detail","200","https://www.corplawupdates.in/documents/board-resolution-appoint-company-secretary","Indexable (Index, Follow)","Template Verified & Sitemap In-Scope","0","Clean / Template Pass"
"https://www.corplawupdates.in/documents/board-resolution-investment","Document Detail","200","https://www.corplawupdates.in/documents/board-resolution-investment","Indexable (Index, Follow)","Template Verified & Sitemap In-Scope","0","Clean / Template Pass"
"https://www.corplawupdates.in/documents/director-appointment-letter","Document Detail","200","https://www.corplawupdates.in/documents/director-appointment-letter","Indexable (Index, Follow)","Template Verified & Sitemap In-Scope","0","Clean / Template Pass"
"https://www.corplawupdates.in/documents/board-resolution-name-change","Document Detail","200","https://www.corplawupdates.in/documents/board-resolution-name-change","Indexable (Index, Follow)","Template Verified & Sitemap In-Scope","0","Clean / Template Pass"
"https://www.corplawupdates.in/documents/public-notice-trading-member-expulsion","Document Detail","200","https://www.corplawupdates.in/documents/public-notice-trading-member-expulsion","Indexable (Index, Follow)","Template Verified & Sitemap In-Scope","0","Clean / Template Pass"
"https://www.corplawupdates.in/documents/public-notice-financial-results","Document Detail","200","https://www.corplawupdates.in/documents/public-notice-financial-results","Indexable (Index, Follow)","Template Verified & Sitemap In-Scope","0","Clean / Template Pass"
"https://www.corplawupdates.in/documents/board-resolution-director-appointment","Document Detail","200","https://www.corplawupdates.in/documents/board-resolution-director-appointment","Indexable (Index, Follow)","Template Verified & Sitemap In-Scope","0","Clean / Template Pass"
"https://www.corplawupdates.in/documents/mortgage-conditional-sale","Document Detail","200","https://www.corplawupdates.in/documents/mortgage-conditional-sale","Indexable (Index, Follow)","Template Verified & Sitemap In-Scope","0","Clean / Template Pass"
"https://www.corplawupdates.in/documents/lease-agreement","Document Detail","200","https://www.corplawupdates.in/documents/lease-agreement","Indexable (Index, Follow)","Template Verified & Sitemap In-Scope","0","Clean / Template Pass"
"https://www.corplawupdates.in/documents/english-mortgage-deed","Document Detail","200","https://www.corplawupdates.in/documents/english-mortgage-deed","Indexable (Index, Follow)","Template Verified & Sitemap In-Scope","0","Clean / Template Pass"
"https://www.corplawupdates.in/documents/letter-of-credit","Document Detail","200","https://www.corplawupdates.in/documents/letter-of-credit","Indexable (Index, Follow)","Template Verified & Sitemap In-Scope","0","Clean / Template Pass"
"https://www.corplawupdates.in/documents/board-resolution-common-seal","Document Detail","200","https://www.corplawupdates.in/documents/board-resolution-common-seal","Indexable (Index, Follow)","Template Verified & Sitemap In-Scope","0","Clean / Template Pass"
"https://www.corplawupdates.in/documents/special-resolution-registered-office-shifting","Document Detail","200","https://www.corplawupdates.in/documents/special-resolution-registered-office-shifting","Indexable (Index, Follow)","Template Verified & Sitemap In-Scope","0","Clean / Template Pass"
"https://www.corplawupdates.in/documents/bank-guarantee","Document Detail","200","https://www.corplawupdates.in/documents/bank-guarantee","Indexable (Index, Follow)","Template Verified & Sitemap In-Scope","0","Clean / Template Pass"
"https://www.corplawupdates.in/documents/board-resolution-bank-account","Document Detail","200","https://www.corplawupdates.in/documents/board-resolution-bank-account","Indexable (Index, Follow)","Template Verified & Sitemap In-Scope","0","Clean / Template Pass"
"https://www.corplawupdates.in/documents/board-resolution-related-party-transaction","Document Detail","200","https://www.corplawupdates.in/documents/board-resolution-related-party-transaction","Indexable (Index, Follow)","Template Verified & Sitemap In-Scope","0","Clean / Template Pass"
"https://www.corplawupdates.in/documents/board-resolution-bank-loan","Document Detail","200","https://www.corplawupdates.in/documents/board-resolution-bank-loan","Indexable (Index, Follow)","Template Verified & Sitemap In-Scope","0","Clean / Template Pass"
"https://www.corplawupdates.in/tools/fee-calculator/companies/mgt-7","Interactive Tool","200","https://www.corplawupdates.in/tools/fee-calculator/companies/mgt-7","Indexable (Index, Follow)","Template Verified & Sitemap In-Scope","0","Clean / Template Pass"
"https://www.corplawupdates.in/tools/fee-calculator/companies/mgt-7a","Interactive Tool","200","https://www.corplawupdates.in/tools/fee-calculator/companies/mgt-7a","Indexable (Index, Follow)","Template Verified & Sitemap In-Scope","0","Clean / Template Pass"
"https://www.corplawupdates.in/tools/fee-calculator/companies/aoc-4","Interactive Tool","200","https://www.corplawupdates.in/tools/fee-calculator/companies/aoc-4","Indexable (Index, Follow)","Template Verified & Sitemap In-Scope","0","Clean / Template Pass"
"https://www.corplawupdates.in/tools/fee-calculator/companies/spice-plus","Interactive Tool","200","https://www.corplawupdates.in/tools/fee-calculator/companies/spice-plus","Indexable (Index, Follow)","Template Verified & Sitemap In-Scope","0","Clean / Template Pass"
"https://www.corplawupdates.in/tools/fee-calculator/companies/dir-3-kyc","Interactive Tool","200","https://www.corplawupdates.in/tools/fee-calculator/companies/dir-3-kyc","Indexable (Index, Follow)","Template Verified & Sitemap In-Scope","0","Clean / Template Pass"
"https://www.corplawupdates.in/tools/fee-calculator/companies/adt-1","Interactive Tool","200","https://www.corplawupdates.in/tools/fee-calculator/companies/adt-1","Indexable (Index, Follow)","Template Verified & Sitemap In-Scope","0","Clean / Template Pass"
"https://www.corplawupdates.in/tools/fee-calculator/companies/dir-12","Interactive Tool","200","https://www.corplawupdates.in/tools/fee-calculator/companies/dir-12","Indexable (Index, Follow)","Template Verified & Sitemap In-Scope","0","Clean / Template Pass"
"https://www.corplawupdates.in/tools/fee-calculator/companies/pas-3","Interactive Tool","200","https://www.corplawupdates.in/tools/fee-calculator/companies/pas-3","Indexable (Index, Follow)","Template Verified & Sitemap In-Scope","0","Clean / Template Pass"
"https://www.corplawupdates.in/tools/fee-calculator/companies/pas-6","Interactive Tool","200","https://www.corplawupdates.in/tools/fee-calculator/companies/pas-6","Indexable (Index, Follow)","Template Verified & Sitemap In-Scope","0","Clean / Template Pass"
"https://www.corplawupdates.in/tools/fee-calculator/companies/chg-1","Interactive Tool","200","https://www.corplawupdates.in/tools/fee-calculator/companies/chg-1","Indexable (Index, Follow)","Template Verified & Sitemap In-Scope","0","Clean / Template Pass"
"https://www.corplawupdates.in/tools/fee-calculator/companies/msme-1","Interactive Tool","200","https://www.corplawupdates.in/tools/fee-calculator/companies/msme-1","Indexable (Index, Follow)","Template Verified & Sitemap In-Scope","0","Clean / Template Pass"
"https://www.corplawupdates.in/tools/fee-calculator/companies/dpt-3","Interactive Tool","200","https://www.corplawupdates.in/tools/fee-calculator/companies/dpt-3","Indexable (Index, Follow)","Template Verified & Sitemap In-Scope","0","Clean / Template Pass"
"https://www.corplawupdates.in/tools/fee-calculator/companies/inc-20a","Interactive Tool","200","https://www.corplawupdates.in/tools/fee-calculator/companies/inc-20a","Indexable (Index, Follow)","Template Verified & Sitemap In-Scope","0","Clean / Template Pass"
"https://www.corplawupdates.in/tools/fee-calculator/companies/sh-7","Interactive Tool","200","https://www.corplawupdates.in/tools/fee-calculator/companies/sh-7","Indexable (Index, Follow)","Template Verified & Sitemap In-Scope","0","Clean / Template Pass"
"https://www.corplawupdates.in/tools/fee-calculator/companies/mgt-14","Interactive Tool","200","https://www.corplawupdates.in/tools/fee-calculator/companies/mgt-14","Indexable (Index, Follow)","Template Verified & Sitemap In-Scope","0","Clean / Template Pass"
"https://www.corplawupdates.in/glossary/account-aggregator","Glossary Detail","200","https://www.corplawupdates.in/glossary/account-aggregator","Indexable (Index, Follow)","Template Verified & Sitemap In-Scope","0","Clean / Template Pass"
"https://www.corplawupdates.in/glossary/adjudicating-authority","Glossary Detail","200","https://www.corplawupdates.in/glossary/adjudicating-authority","Indexable (Index, Follow)","Template Verified & Sitemap In-Scope","0","Clean / Template Pass"
"https://www.corplawupdates.in/glossary/adjudicating-authority-fema","Glossary Detail","200","https://www.corplawupdates.in/glossary/adjudicating-authority-fema","Indexable (Index, Follow)","Template Verified & Sitemap In-Scope","0","Clean / Template Pass"
"https://www.corplawupdates.in/glossary/alternative-investment-fund","Glossary Detail","200","https://www.corplawupdates.in/glossary/alternative-investment-fund","Indexable (Index, Follow)","Template Verified & Sitemap In-Scope","0","Clean / Template Pass"
"https://www.corplawupdates.in/glossary/annual-general-meeting","Glossary Detail","200","https://www.corplawupdates.in/glossary/annual-general-meeting","Indexable (Index, Follow)","Template Verified & Sitemap In-Scope","0","Clean / Template Pass"
"https://www.corplawupdates.in/glossary/appeal-to-supreme-court","Glossary Detail","200","https://www.corplawupdates.in/glossary/appeal-to-supreme-court","Indexable (Index, Follow)","Template Verified & Sitemap In-Scope","0","Clean / Template Pass"
"https://www.corplawupdates.in/glossary/articles-of-association","Glossary Detail","200","https://www.corplawupdates.in/glossary/articles-of-association","Indexable (Index, Follow)","Template Verified & Sitemap In-Scope","0","Clean / Template Pass"
"https://www.corplawupdates.in/glossary/audit-committee","Glossary Detail","200","https://www.corplawupdates.in/glossary/audit-committee","Indexable (Index, Follow)","Template Verified & Sitemap In-Scope","0","Clean / Template Pass"
"https://www.corplawupdates.in/glossary/authorised-capital","Glossary Detail","200","https://www.corplawupdates.in/glossary/authorised-capital","Indexable (Index, Follow)","Template Verified & Sitemap In-Scope","0","Clean / Template Pass"
"https://www.corplawupdates.in/glossary/authorised-dealer","Glossary Detail","200","https://www.corplawupdates.in/glossary/authorised-dealer","Indexable (Index, Follow)","Template Verified & Sitemap In-Scope","0","Clean / Template Pass"
"https://www.corplawupdates.in/glossary/automatic-route","Glossary Detail","200","https://www.corplawupdates.in/glossary/automatic-route","Indexable (Index, Follow)","Template Verified & Sitemap In-Scope","0","Clean / Template Pass"
"https://www.corplawupdates.in/glossary/avoidance-transactions","Glossary Detail","200","https://www.corplawupdates.in/glossary/avoidance-transactions","Indexable (Index, Follow)","Template Verified & Sitemap In-Scope","0","Clean / Template Pass"
"https://www.corplawupdates.in/glossary/bank-rate","Glossary Detail","200","https://www.corplawupdates.in/glossary/bank-rate","Indexable (Index, Follow)","Template Verified & Sitemap In-Scope","0","Clean / Template Pass"
"https://www.corplawupdates.in/glossary/basel-iii","Glossary Detail","200","https://www.corplawupdates.in/glossary/basel-iii","Indexable (Index, Follow)","Template Verified & Sitemap In-Scope","0","Clean / Template Pass"
"https://www.corplawupdates.in/glossary/board-meeting","Glossary Detail","200","https://www.corplawupdates.in/glossary/board-meeting","Indexable (Index, Follow)","Template Verified & Sitemap In-Scope","0","Clean / Template Pass"
"https://www.corplawupdates.in/glossary/board-of-directors","Glossary Detail","200","https://www.corplawupdates.in/glossary/board-of-directors","Indexable (Index, Follow)","Template Verified & Sitemap In-Scope","0","Clean / Template Pass"
"https://www.corplawupdates.in/glossary/capital-account-transaction","Glossary Detail","200","https://www.corplawupdates.in/glossary/capital-account-transaction","Indexable (Index, Follow)","Template Verified & Sitemap In-Scope","0","Clean / Template Pass"
"https://www.corplawupdates.in/glossary/capital-adequacy-ratio","Glossary Detail","200","https://www.corplawupdates.in/glossary/capital-adequacy-ratio","Indexable (Index, Follow)","Template Verified & Sitemap In-Scope","0","Clean / Template Pass"
"https://www.corplawupdates.in/glossary/crr","Glossary Detail","200","https://www.corplawupdates.in/glossary/crr","Indexable (Index, Follow)","Template Verified & Sitemap In-Scope","0","Clean / Template Pass"
"https://www.corplawupdates.in/glossary/cfo-companies-act","Glossary Detail","200","https://www.corplawupdates.in/glossary/cfo-companies-act","Indexable (Index, Follow)","Template Verified & Sitemap In-Scope","0","Clean / Template Pass"
"https://www.corplawupdates.in/glossary/charge-companies-act","Glossary Detail","200","https://www.corplawupdates.in/glossary/charge-companies-act","Indexable (Index, Follow)","Template Verified & Sitemap In-Scope","0","Clean / Template Pass"
"https://www.corplawupdates.in/glossary/cirp","Glossary Detail","200","https://www.corplawupdates.in/glossary/cirp","Indexable (Index, Follow)","Template Verified & Sitemap In-Scope","0","Clean / Template Pass"
"https://www.corplawupdates.in/glossary/claim-verification","Glossary Detail","200","https://www.corplawupdates.in/glossary/claim-verification","Indexable (Index, Follow)","Template Verified & Sitemap In-Scope","0","Clean / Template Pass"
"https://www.corplawupdates.in/glossary/class-action-suit","Glossary Detail","200","https://www.corplawupdates.in/glossary/class-action-suit","Indexable (Index, Follow)","Template Verified & Sitemap In-Scope","0","Clean / Template Pass"
"https://www.corplawupdates.in/glossary/co-lending","Glossary Detail","200","https://www.corplawupdates.in/glossary/co-lending","Indexable (Index, Follow)","Template Verified & Sitemap In-Scope","0","Clean / Template Pass"
"https://www.corplawupdates.in/glossary/committee-of-creditors","Glossary Detail","200","https://www.corplawupdates.in/glossary/committee-of-creditors","Indexable (Index, Follow)","Template Verified & Sitemap In-Scope","0","Clean / Template Pass"
"https://www.corplawupdates.in/glossary/company-petition","Glossary Detail","200","https://www.corplawupdates.in/glossary/company-petition","Indexable (Index, Follow)","Template Verified & Sitemap In-Scope","0","Clean / Template Pass"
"https://www.corplawupdates.in/glossary/company-secretary","Glossary Detail","200","https://www.corplawupdates.in/glossary/company-secretary","Indexable (Index, Follow)","Template Verified & Sitemap In-Scope","0","Clean / Template Pass"
"https://www.corplawupdates.in/glossary/compounding-authority","Glossary Detail","200","https://www.corplawupdates.in/glossary/compounding-authority","Indexable (Index, Follow)","Template Verified & Sitemap In-Scope","0","Clean / Template Pass"
"https://www.corplawupdates.in/glossary/compulsory-winding-up","Glossary Detail","200","https://www.corplawupdates.in/glossary/compulsory-winding-up","Indexable (Index, Follow)","Template Verified & Sitemap In-Scope","0","Clean / Template Pass"
"https://www.corplawupdates.in/glossary/condonation-of-delay","Glossary Detail","200","https://www.corplawupdates.in/glossary/condonation-of-delay","Indexable (Index, Follow)","Template Verified & Sitemap In-Scope","0","Clean / Template Pass"
"https://www.corplawupdates.in/glossary/consent-order","Glossary Detail","200","https://www.corplawupdates.in/glossary/consent-order","Indexable (Index, Follow)","Template Verified & Sitemap In-Scope","0","Clean / Template Pass"
"https://www.corplawupdates.in/glossary/contempt-of-tribunal","Glossary Detail","200","https://www.corplawupdates.in/glossary/contempt-of-tribunal","Indexable (Index, Follow)","Template Verified & Sitemap In-Scope","0","Clean / Template Pass"
"https://www.corplawupdates.in/glossary/corporate-debtor","Glossary Detail","200","https://www.corplawupdates.in/glossary/corporate-debtor","Indexable (Index, Follow)","Template Verified & Sitemap In-Scope","0","Clean / Template Pass"
"https://www.corplawupdates.in/glossary/csr","Glossary Detail","200","https://www.corplawupdates.in/glossary/csr","Indexable (Index, Follow)","Template Verified & Sitemap In-Scope","0","Clean / Template Pass"
"https://www.corplawupdates.in/glossary/credit-rating-agency","Glossary Detail","200","https://www.corplawupdates.in/glossary/credit-rating-agency","Indexable (Index, Follow)","Template Verified & Sitemap In-Scope","0","Clean / Template Pass"
"https://www.corplawupdates.in/glossary/creditor-initiated-irp","Glossary Detail","200","https://www.corplawupdates.in/glossary/creditor-initiated-irp","Indexable (Index, Follow)","Template Verified & Sitemap In-Scope","0","Clean / Template Pass"
"https://www.corplawupdates.in/glossary/cross-objection","Glossary Detail","200","https://www.corplawupdates.in/glossary/cross-objection","Indexable (Index, Follow)","Template Verified & Sitemap In-Scope","0","Clean / Template Pass"
"https://www.corplawupdates.in/glossary/cross-border-insolvency","Glossary Detail","200","https://www.corplawupdates.in/glossary/cross-border-insolvency","Indexable (Index, Follow)","Template Verified & Sitemap In-Scope","0","Clean / Template Pass"
"https://www.corplawupdates.in/glossary/current-account-transaction","Glossary Detail","200","https://www.corplawupdates.in/glossary/current-account-transaction","Indexable (Index, Follow)","Template Verified & Sitemap In-Scope","0","Clean / Template Pass"
"https://www.corplawupdates.in/glossary/debenture-trustee","Glossary Detail","200","https://www.corplawupdates.in/glossary/debenture-trustee","Indexable (Index, Follow)","Template Verified & Sitemap In-Scope","0","Clean / Template Pass"
"https://www.corplawupdates.in/glossary/debentures","Glossary Detail","200","https://www.corplawupdates.in/glossary/debentures","Indexable (Index, Follow)","Template Verified & Sitemap In-Scope","0","Clean / Template Pass"
"https://www.corplawupdates.in/glossary/debt-restructuring","Glossary Detail","200","https://www.corplawupdates.in/glossary/debt-restructuring","Indexable (Index, Follow)","Template Verified & Sitemap In-Scope","0","Clean / Template Pass"
"https://www.corplawupdates.in/glossary/default-ibc","Glossary Detail","200","https://www.corplawupdates.in/glossary/default-ibc","Indexable (Index, Follow)","Template Verified & Sitemap In-Scope","0","Clean / Template Pass"
"https://www.corplawupdates.in/glossary/delisting","Glossary Detail","200","https://www.corplawupdates.in/glossary/delisting","Indexable (Index, Follow)","Template Verified & Sitemap In-Scope","0","Clean / Template Pass"
"https://www.corplawupdates.in/glossary/demat-account","Glossary Detail","200","https://www.corplawupdates.in/glossary/demat-account","Indexable (Index, Follow)","Template Verified & Sitemap In-Scope","0","Clean / Template Pass"
"https://www.corplawupdates.in/glossary/demerger","Glossary Detail","200","https://www.corplawupdates.in/glossary/demerger","Indexable (Index, Follow)","Template Verified & Sitemap In-Scope","0","Clean / Template Pass"
"https://www.corplawupdates.in/glossary/depositories","Glossary Detail","200","https://www.corplawupdates.in/glossary/depositories","Indexable (Index, Follow)","Template Verified & Sitemap In-Scope","0","Clean / Template Pass"
"https://www.corplawupdates.in/glossary/designated-person","Glossary Detail","200","https://www.corplawupdates.in/glossary/designated-person","Indexable (Index, Follow)","Template Verified & Sitemap In-Scope","0","Clean / Template Pass"
"https://www.corplawupdates.in/glossary/digital-lending","Glossary Detail","200","https://www.corplawupdates.in/glossary/digital-lending","Indexable (Index, Follow)","Template Verified & Sitemap In-Scope","0","Clean / Template Pass"
"https://www.corplawupdates.in/glossary/din","Glossary Detail","200","https://www.corplawupdates.in/glossary/din","Indexable (Index, Follow)","Template Verified & Sitemap In-Scope","0","Clean / Template Pass"
"https://www.corplawupdates.in/glossary/dissenting-financial-creditor","Glossary Detail","200","https://www.corplawupdates.in/glossary/dissenting-financial-creditor","Indexable (Index, Follow)","Template Verified & Sitemap In-Scope","0","Clean / Template Pass"
"https://www.corplawupdates.in/glossary/ex-parte-order","Glossary Detail","200","https://www.corplawupdates.in/glossary/ex-parte-order","Indexable (Index, Follow)","Template Verified & Sitemap In-Scope","0","Clean / Template Pass"
"https://www.corplawupdates.in/glossary/ecb","Glossary Detail","200","https://www.corplawupdates.in/glossary/ecb","Indexable (Index, Follow)","Template Verified & Sitemap In-Scope","0","Clean / Template Pass"
"https://www.corplawupdates.in/glossary/extraordinary-general-meeting","Glossary Detail","200","https://www.corplawupdates.in/glossary/extraordinary-general-meeting","Indexable (Index, Follow)","Template Verified & Sitemap In-Scope","0","Clean / Template Pass"
"https://www.corplawupdates.in/glossary/fast-track-cirp","Glossary Detail","200","https://www.corplawupdates.in/glossary/fast-track-cirp","Indexable (Index, Follow)","Template Verified & Sitemap In-Scope","0","Clean / Template Pass"
"https://www.corplawupdates.in/glossary/fcnr-account","Glossary Detail","200","https://www.corplawupdates.in/glossary/fcnr-account","Indexable (Index, Follow)","Template Verified & Sitemap In-Scope","0","Clean / Template Pass"
"https://www.corplawupdates.in/glossary/fema-compounding","Glossary Detail","200","https://www.corplawupdates.in/glossary/fema-compounding","Indexable (Index, Follow)","Template Verified & Sitemap In-Scope","0","Clean / Template Pass"
"https://www.corplawupdates.in/glossary/financial-creditor","Glossary Detail","200","https://www.corplawupdates.in/glossary/financial-creditor","Indexable (Index, Follow)","Template Verified & Sitemap In-Scope","0","Clean / Template Pass"
"https://www.corplawupdates.in/glossary/financial-debt","Glossary Detail","200","https://www.corplawupdates.in/glossary/financial-debt","Indexable (Index, Follow)","Template Verified & Sitemap In-Scope","0","Clean / Template Pass"
"https://www.corplawupdates.in/glossary/fccb","Glossary Detail","200","https://www.corplawupdates.in/glossary/fccb","Indexable (Index, Follow)","Template Verified & Sitemap In-Scope","0","Clean / Template Pass"
"https://www.corplawupdates.in/glossary/fdi","Glossary Detail","200","https://www.corplawupdates.in/glossary/fdi","Indexable (Index, Follow)","Template Verified & Sitemap In-Scope","0","Clean / Template Pass"
"https://www.corplawupdates.in/glossary/foreign-exchange","Glossary Detail","200","https://www.corplawupdates.in/glossary/foreign-exchange","Indexable (Index, Follow)","Template Verified & Sitemap In-Scope","0","Clean / Template Pass"
"https://www.corplawupdates.in/glossary/foreign-portfolio-investor","Glossary Detail","200","https://www.corplawupdates.in/glossary/foreign-portfolio-investor","Indexable (Index, Follow)","Template Verified & Sitemap In-Scope","0","Clean / Template Pass"
"https://www.corplawupdates.in/glossary/form-aoc-4","Glossary Detail","200","https://www.corplawupdates.in/glossary/form-aoc-4","Indexable (Index, Follow)","Template Verified & Sitemap In-Scope","0","Clean / Template Pass"
"https://www.corplawupdates.in/glossary/form-dir-3-kyc","Glossary Detail","200","https://www.corplawupdates.in/glossary/form-dir-3-kyc","Indexable (Index, Follow)","Template Verified & Sitemap In-Scope","0","Clean / Template Pass"
"https://www.corplawupdates.in/glossary/form-fc-gpr","Glossary Detail","200","https://www.corplawupdates.in/glossary/form-fc-gpr","Indexable (Index, Follow)","Template Verified & Sitemap In-Scope","0","Clean / Template Pass"
"https://www.corplawupdates.in/glossary/form-fc-trs","Glossary Detail","200","https://www.corplawupdates.in/glossary/form-fc-trs","Indexable (Index, Follow)","Template Verified & Sitemap In-Scope","0","Clean / Template Pass"
"https://www.corplawupdates.in/glossary/form-mgt-14","Glossary Detail","200","https://www.corplawupdates.in/glossary/form-mgt-14","Indexable (Index, Follow)","Template Verified & Sitemap In-Scope","0","Clean / Template Pass"
"https://www.corplawupdates.in/glossary/fpo","Glossary Detail","200","https://www.corplawupdates.in/glossary/fpo","Indexable (Index, Follow)","Template Verified & Sitemap In-Scope","0","Clean / Template Pass"
"https://www.corplawupdates.in/glossary/fraudulent-trading","Glossary Detail","200","https://www.corplawupdates.in/glossary/fraudulent-trading","Indexable (Index, Follow)","Template Verified & Sitemap In-Scope","0","Clean / Template Pass"
"https://www.corplawupdates.in/glossary/fresh-start-process","Glossary Detail","200","https://www.corplawupdates.in/glossary/fresh-start-process","Indexable (Index, Follow)","Template Verified & Sitemap In-Scope","0","Clean / Template Pass"
"https://www.corplawupdates.in/glossary/government-route","Glossary Detail","200","https://www.corplawupdates.in/glossary/government-route","Indexable (Index, Follow)","Template Verified & Sitemap In-Scope","0","Clean / Template Pass"
"https://www.corplawupdates.in/glossary/group-insolvency","Glossary Detail","200","https://www.corplawupdates.in/glossary/group-insolvency","Indexable (Index, Follow)","Template Verified & Sitemap In-Scope","0","Clean / Template Pass"
"https://www.corplawupdates.in/glossary/hedging-fema","Glossary Detail","200","https://www.corplawupdates.in/glossary/hedging-fema","Indexable (Index, Follow)","Template Verified & Sitemap In-Scope","0","Clean / Template Pass"
"https://www.corplawupdates.in/glossary/ibbi","Glossary Detail","200","https://www.corplawupdates.in/glossary/ibbi","Indexable (Index, Follow)","Template Verified & Sitemap In-Scope","0","Clean / Template Pass"
"https://www.corplawupdates.in/glossary/icdr-regulations","Glossary Detail","200","https://www.corplawupdates.in/glossary/icdr-regulations","Indexable (Index, Follow)","Template Verified & Sitemap In-Scope","0","Clean / Template Pass"
"https://www.corplawupdates.in/glossary/independent-director","Glossary Detail","200","https://www.corplawupdates.in/glossary/independent-director","Indexable (Index, Follow)","Template Verified & Sitemap In-Scope","0","Clean / Template Pass"
"https://www.corplawupdates.in/glossary/inflation-targeting","Glossary Detail","200","https://www.corplawupdates.in/glossary/inflation-targeting","Indexable (Index, Follow)","Template Verified & Sitemap In-Scope","0","Clean / Template Pass"
"https://www.corplawupdates.in/glossary/information-utility","Glossary Detail","200","https://www.corplawupdates.in/glossary/information-utility","Indexable (Index, Follow)","Template Verified & Sitemap In-Scope","0","Clean / Template Pass"
"https://www.corplawupdates.in/glossary/insider-trading","Glossary Detail","200","https://www.corplawupdates.in/glossary/insider-trading","Indexable (Index, Follow)","Template Verified & Sitemap In-Scope","0","Clean / Template Pass"
"https://www.corplawupdates.in/glossary/insolvency-commencement-date","Glossary Detail","200","https://www.corplawupdates.in/glossary/insolvency-commencement-date","Indexable (Index, Follow)","Template Verified & Sitemap In-Scope","0","Clean / Template Pass"
"https://www.corplawupdates.in/glossary/insolvency-professional","Glossary Detail","200","https://www.corplawupdates.in/glossary/insolvency-professional","Indexable (Index, Follow)","Template Verified & Sitemap In-Scope","0","Clean / Template Pass"
"https://www.corplawupdates.in/glossary/interim-application","Glossary Detail","200","https://www.corplawupdates.in/glossary/interim-application","Indexable (Index, Follow)","Template Verified & Sitemap In-Scope","0","Clean / Template Pass"
"https://www.corplawupdates.in/glossary/interim-resolution-professional","Glossary Detail","200","https://www.corplawupdates.in/glossary/interim-resolution-professional","Indexable (Index, Follow)","Template Verified & Sitemap In-Scope","0","Clean / Template Pass"
"https://www.corplawupdates.in/glossary/investment-adviser","Glossary Detail","200","https://www.corplawupdates.in/glossary/investment-adviser","Indexable (Index, Follow)","Template Verified & Sitemap In-Scope","0","Clean / Template Pass"
"https://www.corplawupdates.in/glossary/ipo","Glossary Detail","200","https://www.corplawupdates.in/glossary/ipo","Indexable (Index, Follow)","Template Verified & Sitemap In-Scope","0","Clean / Template Pass"
"https://www.corplawupdates.in/glossary/judicial-member","Glossary Detail","200","https://www.corplawupdates.in/glossary/judicial-member","Indexable (Index, Follow)","Template Verified & Sitemap In-Scope","0","Clean / Template Pass"
"https://www.corplawupdates.in/glossary/key-managerial-personnel","Glossary Detail","200","https://www.corplawupdates.in/glossary/key-managerial-personnel","Indexable (Index, Follow)","Template Verified & Sitemap In-Scope","0","Clean / Template Pass"
"https://www.corplawupdates.in/glossary/llp","Glossary Detail","200","https://www.corplawupdates.in/glossary/llp","Indexable (Index, Follow)","Template Verified & Sitemap In-Scope","0","Clean / Template Pass"
"https://www.corplawupdates.in/glossary/liquidation-estate","Glossary Detail","200","https://www.corplawupdates.in/glossary/liquidation-estate","Indexable (Index, Follow)","Template Verified & Sitemap In-Scope","0","Clean / Template Pass"
"https://www.corplawupdates.in/glossary/liquidator","Glossary Detail","200","https://www.corplawupdates.in/glossary/liquidator","Indexable (Index, Follow)","Template Verified & Sitemap In-Scope","0","Clean / Template Pass"
"https://www.corplawupdates.in/glossary/listed-entity","Glossary Detail","200","https://www.corplawupdates.in/glossary/listed-entity","Indexable (Index, Follow)","Template Verified & Sitemap In-Scope","0","Clean / Template Pass"
"https://www.corplawupdates.in/glossary/lodr","Glossary Detail","200","https://www.corplawupdates.in/glossary/lodr","Indexable (Index, Follow)","Template Verified & Sitemap In-Scope","0","Clean / Template Pass"
"https://www.corplawupdates.in/glossary/lrs","Glossary Detail","200","https://www.corplawupdates.in/glossary/lrs","Indexable (Index, Follow)","Template Verified & Sitemap In-Scope","0","Clean / Template Pass"
"https://www.corplawupdates.in/glossary/managing-director","Glossary Detail","200","https://www.corplawupdates.in/glossary/managing-director","Indexable (Index, Follow)","Template Verified & Sitemap In-Scope","0","Clean / Template Pass"
"https://www.corplawupdates.in/glossary/msf","Glossary Detail","200","https://www.corplawupdates.in/glossary/msf","Indexable (Index, Follow)","Template Verified & Sitemap In-Scope","0","Clean / Template Pass"
"https://www.corplawupdates.in/glossary/mca21","Glossary Detail","200","https://www.corplawupdates.in/glossary/mca21","Indexable (Index, Follow)","Template Verified & Sitemap In-Scope","0","Clean / Template Pass"
"https://www.corplawupdates.in/glossary/memorandum-of-association","Glossary Detail","200","https://www.corplawupdates.in/glossary/memorandum-of-association","Indexable (Index, Follow)","Template Verified & Sitemap In-Scope","0","Clean / Template Pass"
"https://www.corplawupdates.in/glossary/merger-amalgamation","Glossary Detail","200","https://www.corplawupdates.in/glossary/merger-amalgamation","Indexable (Index, Follow)","Template Verified & Sitemap In-Scope","0","Clean / Template Pass"
"https://www.corplawupdates.in/glossary/mgt-7","Glossary Detail","200","https://www.corplawupdates.in/glossary/mgt-7","Indexable (Index, Follow)","Template Verified & Sitemap In-Scope","0","Clean / Template Pass"
"https://www.corplawupdates.in/glossary/minimum-public-shareholding","Glossary Detail","200","https://www.corplawupdates.in/glossary/minimum-public-shareholding","Indexable (Index, Follow)","Template Verified & Sitemap In-Scope","0","Clean / Template Pass"
"https://www.corplawupdates.in/glossary/monetary-policy-committee","Glossary Detail","200","https://www.corplawupdates.in/glossary/monetary-policy-committee","Indexable (Index, Follow)","Template Verified & Sitemap In-Scope","0","Clean / Template Pass"
"https://www.corplawupdates.in/glossary/moratorium","Glossary Detail","200","https://www.corplawupdates.in/glossary/moratorium","Indexable (Index, Follow)","Template Verified & Sitemap In-Scope","0","Clean / Template Pass"
"https://www.corplawupdates.in/glossary/mutual-fund","Glossary Detail","200","https://www.corplawupdates.in/glossary/mutual-fund","Indexable (Index, Follow)","Template Verified & Sitemap In-Scope","0","Clean / Template Pass"
"https://www.corplawupdates.in/glossary/nbfc","Glossary Detail","200","https://www.corplawupdates.in/glossary/nbfc","Indexable (Index, Follow)","Template Verified & Sitemap In-Scope","0","Clean / Template Pass"
"https://www.corplawupdates.in/glossary/nclat","Glossary Detail","200","https://www.corplawupdates.in/glossary/nclat","Indexable (Index, Follow)","Template Verified & Sitemap In-Scope","0","Clean / Template Pass"
"https://www.corplawupdates.in/glossary/nclt","Glossary Detail","200","https://www.corplawupdates.in/glossary/nclt","Indexable (Index, Follow)","Template Verified & Sitemap In-Scope","0","Clean / Template Pass"
"https://www.corplawupdates.in/glossary/nclt-rules-2016","Glossary Detail","200","https://www.corplawupdates.in/glossary/nclt-rules-2016","Indexable (Index, Follow)","Template Verified & Sitemap In-Scope","0","Clean / Template Pass"
"https://www.corplawupdates.in/glossary/non-executive-director","Glossary Detail","200","https://www.corplawupdates.in/glossary/non-executive-director","Indexable (Index, Follow)","Template Verified & Sitemap In-Scope","0","Clean / Template Pass"
"https://www.corplawupdates.in/glossary/npa","Glossary Detail","200","https://www.corplawupdates.in/glossary/npa","Indexable (Index, Follow)","Template Verified & Sitemap In-Scope","0","Clean / Template Pass"
"https://www.corplawupdates.in/glossary/nre-account","Glossary Detail","200","https://www.corplawupdates.in/glossary/nre-account","Indexable (Index, Follow)","Template Verified & Sitemap In-Scope","0","Clean / Template Pass"
"https://www.corplawupdates.in/glossary/nri","Glossary Detail","200","https://www.corplawupdates.in/glossary/nri","Indexable (Index, Follow)","Template Verified & Sitemap In-Scope","0","Clean / Template Pass"
"https://www.corplawupdates.in/glossary/nro-account","Glossary Detail","200","https://www.corplawupdates.in/glossary/nro-account","Indexable (Index, Follow)","Template Verified & Sitemap In-Scope","0","Clean / Template Pass"
"https://www.corplawupdates.in/glossary/official-liquidator","Glossary Detail","200","https://www.corplawupdates.in/glossary/official-liquidator","Indexable (Index, Follow)","Template Verified & Sitemap In-Scope","0","Clean / Template Pass"
"https://www.corplawupdates.in/glossary/one-person-company","Glossary Detail","200","https://www.corplawupdates.in/glossary/one-person-company","Indexable (Index, Follow)","Template Verified & Sitemap In-Scope","0","Clean / Template Pass"
"https://www.corplawupdates.in/glossary/open-offer","Glossary Detail","200","https://www.corplawupdates.in/glossary/open-offer","Indexable (Index, Follow)","Template Verified & Sitemap In-Scope","0","Clean / Template Pass"
"https://www.corplawupdates.in/glossary/operational-creditor","Glossary Detail","200","https://www.corplawupdates.in/glossary/operational-creditor","Indexable (Index, Follow)","Template Verified & Sitemap In-Scope","0","Clean / Template Pass"
"https://www.corplawupdates.in/glossary/operational-debt","Glossary Detail","200","https://www.corplawupdates.in/glossary/operational-debt","Indexable (Index, Follow)","Template Verified & Sitemap In-Scope","0","Clean / Template Pass"
"https://www.corplawupdates.in/glossary/oppression-and-mismanagement","Glossary Detail","200","https://www.corplawupdates.in/glossary/oppression-and-mismanagement","Indexable (Index, Follow)","Template Verified & Sitemap In-Scope","0","Clean / Template Pass"
"https://www.corplawupdates.in/glossary/odi","Glossary Detail","200","https://www.corplawupdates.in/glossary/odi","Indexable (Index, Follow)","Template Verified & Sitemap In-Scope","0","Clean / Template Pass"
"https://www.corplawupdates.in/glossary/overseas-investment-framework","Glossary Detail","200","https://www.corplawupdates.in/glossary/overseas-investment-framework","Indexable (Index, Follow)","Template Verified & Sitemap In-Scope","0","Clean / Template Pass"
"https://www.corplawupdates.in/glossary/paid-up-capital","Glossary Detail","200","https://www.corplawupdates.in/glossary/paid-up-capital","Indexable (Index, Follow)","Template Verified & Sitemap In-Scope","0","Clean / Template Pass"
"https://www.corplawupdates.in/glossary/payment-system-operator","Glossary Detail","200","https://www.corplawupdates.in/glossary/payment-system-operator","Indexable (Index, Follow)","Template Verified & Sitemap In-Scope","0","Clean / Template Pass"
"https://www.corplawupdates.in/glossary/person-resident-in-india","Glossary Detail","200","https://www.corplawupdates.in/glossary/person-resident-in-india","Indexable (Index, Follow)","Template Verified & Sitemap In-Scope","0","Clean / Template Pass"
"https://www.corplawupdates.in/glossary/personal-guarantor","Glossary Detail","200","https://www.corplawupdates.in/glossary/personal-guarantor","Indexable (Index, Follow)","Template Verified & Sitemap In-Scope","0","Clean / Template Pass"
"https://www.corplawupdates.in/glossary/portfolio-manager","Glossary Detail","200","https://www.corplawupdates.in/glossary/portfolio-manager","Indexable (Index, Follow)","Template Verified & Sitemap In-Scope","0","Clean / Template Pass"
"https://www.corplawupdates.in/glossary/pre-packaged-insolvency","Glossary Detail","200","https://www.corplawupdates.in/glossary/pre-packaged-insolvency","Indexable (Index, Follow)","Template Verified & Sitemap In-Scope","0","Clean / Template Pass"
"https://www.corplawupdates.in/glossary/preference-shares","Glossary Detail","200","https://www.corplawupdates.in/glossary/preference-shares","Indexable (Index, Follow)","Template Verified & Sitemap In-Scope","0","Clean / Template Pass"
"https://www.corplawupdates.in/glossary/preferential-allotment","Glossary Detail","200","https://www.corplawupdates.in/glossary/preferential-allotment","Indexable (Index, Follow)","Template Verified & Sitemap In-Scope","0","Clean / Template Pass"
"https://www.corplawupdates.in/glossary/preferential-transaction","Glossary Detail","200","https://www.corplawupdates.in/glossary/preferential-transaction","Indexable (Index, Follow)","Template Verified & Sitemap In-Scope","0","Clean / Template Pass"
"https://www.corplawupdates.in/glossary/prepaid-payment-instrument","Glossary Detail","200","https://www.corplawupdates.in/glossary/prepaid-payment-instrument","Indexable (Index, Follow)","Template Verified & Sitemap In-Scope","0","Clean / Template Pass"
"https://www.corplawupdates.in/glossary/priority-sector-lending","Glossary Detail","200","https://www.corplawupdates.in/glossary/priority-sector-lending","Indexable (Index, Follow)","Template Verified & Sitemap In-Scope","0","Clean / Template Pass"
"https://www.corplawupdates.in/glossary/promoter","Glossary Detail","200","https://www.corplawupdates.in/glossary/promoter","Indexable (Index, Follow)","Template Verified & Sitemap In-Scope","0","Clean / Template Pass"
"https://www.corplawupdates.in/glossary/prompt-corrective-action","Glossary Detail","200","https://www.corplawupdates.in/glossary/prompt-corrective-action","Indexable (Index, Follow)","Template Verified & Sitemap In-Scope","0","Clean / Template Pass"
"https://www.corplawupdates.in/glossary/proof-of-claim","Glossary Detail","200","https://www.corplawupdates.in/glossary/proof-of-claim","Indexable (Index, Follow)","Template Verified & Sitemap In-Scope","0","Clean / Template Pass"
"https://www.corplawupdates.in/glossary/provisional-liquidator","Glossary Detail","200","https://www.corplawupdates.in/glossary/provisional-liquidator","Indexable (Index, Follow)","Template Verified & Sitemap In-Scope","0","Clean / Template Pass"
"https://www.corplawupdates.in/glossary/public-announcement","Glossary Detail","200","https://www.corplawupdates.in/glossary/public-announcement","Indexable (Index, Follow)","Template Verified & Sitemap In-Scope","0","Clean / Template Pass"
"https://www.corplawupdates.in/glossary/public-announcement-sebi","Glossary Detail","200","https://www.corplawupdates.in/glossary/public-announcement-sebi","Indexable (Index, Follow)","Template Verified & Sitemap In-Scope","0","Clean / Template Pass"
"https://www.corplawupdates.in/glossary/qip","Glossary Detail","200","https://www.corplawupdates.in/glossary/qip","Indexable (Index, Follow)","Template Verified & Sitemap In-Scope","0","Clean / Template Pass"
"https://www.corplawupdates.in/glossary/registrar-of-companies","Glossary Detail","200","https://www.corplawupdates.in/glossary/registrar-of-companies","Indexable (Index, Follow)","Template Verified & Sitemap In-Scope","0","Clean / Template Pass"
"https://www.corplawupdates.in/glossary/related-party-ibc","Glossary Detail","200","https://www.corplawupdates.in/glossary/related-party-ibc","Indexable (Index, Follow)","Template Verified & Sitemap In-Scope","0","Clean / Template Pass"
"https://www.corplawupdates.in/glossary/related-party-transaction","Glossary Detail","200","https://www.corplawupdates.in/glossary/related-party-transaction","Indexable (Index, Follow)","Template Verified & Sitemap In-Scope","0","Clean / Template Pass"
"https://www.corplawupdates.in/glossary/repatriation","Glossary Detail","200","https://www.corplawupdates.in/glossary/repatriation","Indexable (Index, Follow)","Template Verified & Sitemap In-Scope","0","Clean / Template Pass"
"https://www.corplawupdates.in/glossary/repo-rate","Glossary Detail","200","https://www.corplawupdates.in/glossary/repo-rate","Indexable (Index, Follow)","Template Verified & Sitemap In-Scope","0","Clean / Template Pass"
"https://www.corplawupdates.in/glossary/research-analyst","Glossary Detail","200","https://www.corplawupdates.in/glossary/research-analyst","Indexable (Index, Follow)","Template Verified & Sitemap In-Scope","0","Clean / Template Pass"
"https://www.corplawupdates.in/glossary/resolution-applicant","Glossary Detail","200","https://www.corplawupdates.in/glossary/resolution-applicant","Indexable (Index, Follow)","Template Verified & Sitemap In-Scope","0","Clean / Template Pass"
"https://www.corplawupdates.in/glossary/resolution-plan","Glossary Detail","200","https://www.corplawupdates.in/glossary/resolution-plan","Indexable (Index, Follow)","Template Verified & Sitemap In-Scope","0","Clean / Template Pass"
"https://www.corplawupdates.in/glossary/resolution-professional","Glossary Detail","200","https://www.corplawupdates.in/glossary/resolution-professional","Indexable (Index, Follow)","Template Verified & Sitemap In-Scope","0","Clean / Template Pass"
"https://www.corplawupdates.in/glossary/reverse-repo-rate","Glossary Detail","200","https://www.corplawupdates.in/glossary/reverse-repo-rate","Indexable (Index, Follow)","Template Verified & Sitemap In-Scope","0","Clean / Template Pass"
"https://www.corplawupdates.in/glossary/rights-issue","Glossary Detail","200","https://www.corplawupdates.in/glossary/rights-issue","Indexable (Index, Follow)","Template Verified & Sitemap In-Scope","0","Clean / Template Pass"
"https://www.corplawupdates.in/glossary/round-tripping","Glossary Detail","200","https://www.corplawupdates.in/glossary/round-tripping","Indexable (Index, Follow)","Template Verified & Sitemap In-Scope","0","Clean / Template Pass"
"https://www.corplawupdates.in/glossary/scheme-of-arrangement","Glossary Detail","200","https://www.corplawupdates.in/glossary/scheme-of-arrangement","Indexable (Index, Follow)","Template Verified & Sitemap In-Scope","0","Clean / Template Pass"
"https://www.corplawupdates.in/glossary/sebi-adjudication","Glossary Detail","200","https://www.corplawupdates.in/glossary/sebi-adjudication","Indexable (Index, Follow)","Template Verified & Sitemap In-Scope","0","Clean / Template Pass"
"https://www.corplawupdates.in/glossary/secretarial-audit","Glossary Detail","200","https://www.corplawupdates.in/glossary/secretarial-audit","Indexable (Index, Follow)","Template Verified & Sitemap In-Scope","0","Clean / Template Pass"
"https://www.corplawupdates.in/glossary/section-241-242","Glossary Detail","200","https://www.corplawupdates.in/glossary/section-241-242","Indexable (Index, Follow)","Template Verified & Sitemap In-Scope","0","Clean / Template Pass"
"https://www.corplawupdates.in/glossary/section-29a","Glossary Detail","200","https://www.corplawupdates.in/glossary/section-29a","Indexable (Index, Follow)","Template Verified & Sitemap In-Scope","0","Clean / Template Pass"
"https://www.corplawupdates.in/glossary/sectoral-cap","Glossary Detail","200","https://www.corplawupdates.in/glossary/sectoral-cap","Indexable (Index, Follow)","Template Verified & Sitemap In-Scope","0","Clean / Template Pass"
"https://www.corplawupdates.in/glossary/share-capital","Glossary Detail","200","https://www.corplawupdates.in/glossary/share-capital","Indexable (Index, Follow)","Template Verified & Sitemap In-Scope","0","Clean / Template Pass"
"https://www.corplawupdates.in/glossary/small-company","Glossary Detail","200","https://www.corplawupdates.in/glossary/small-company","Indexable (Index, Follow)","Template Verified & Sitemap In-Scope","0","Clean / Template Pass"
"https://www.corplawupdates.in/glossary/spice-plus","Glossary Detail","200","https://www.corplawupdates.in/glossary/spice-plus","Indexable (Index, Follow)","Template Verified & Sitemap In-Scope","0","Clean / Template Pass"
"https://www.corplawupdates.in/glossary/statutory-auditor","Glossary Detail","200","https://www.corplawupdates.in/glossary/statutory-auditor","Indexable (Index, Follow)","Template Verified & Sitemap In-Scope","0","Clean / Template Pass"
"https://www.corplawupdates.in/glossary/slr","Glossary Detail","200","https://www.corplawupdates.in/glossary/slr","Indexable (Index, Follow)","Template Verified & Sitemap In-Scope","0","Clean / Template Pass"
"https://www.corplawupdates.in/glossary/statutory-registers","Glossary Detail","200","https://www.corplawupdates.in/glossary/statutory-registers","Indexable (Index, Follow)","Template Verified & Sitemap In-Scope","0","Clean / Template Pass"
"https://www.corplawupdates.in/glossary/stay-order-nclt","Glossary Detail","200","https://www.corplawupdates.in/glossary/stay-order-nclt","Indexable (Index, Follow)","Template Verified & Sitemap In-Scope","0","Clean / Template Pass"
"https://www.corplawupdates.in/glossary/substantial-acquisition","Glossary Detail","200","https://www.corplawupdates.in/glossary/substantial-acquisition","Indexable (Index, Follow)","Template Verified & Sitemap In-Scope","0","Clean / Template Pass"
"https://www.corplawupdates.in/glossary/systemically-important-nbfc","Glossary Detail","200","https://www.corplawupdates.in/glossary/systemically-important-nbfc","Indexable (Index, Follow)","Template Verified & Sitemap In-Scope","0","Clean / Template Pass"
"https://www.corplawupdates.in/glossary/takeover-code","Glossary Detail","200","https://www.corplawupdates.in/glossary/takeover-code","Indexable (Index, Follow)","Template Verified & Sitemap In-Scope","0","Clean / Template Pass"
"https://www.corplawupdates.in/glossary/technical-member","Glossary Detail","200","https://www.corplawupdates.in/glossary/technical-member","Indexable (Index, Follow)","Template Verified & Sitemap In-Scope","0","Clean / Template Pass"
"https://www.corplawupdates.in/glossary/tier-1-capital","Glossary Detail","200","https://www.corplawupdates.in/glossary/tier-1-capital","Indexable (Index, Follow)","Template Verified & Sitemap In-Scope","0","Clean / Template Pass"
"https://www.corplawupdates.in/glossary/tier-2-capital","Glossary Detail","200","https://www.corplawupdates.in/glossary/tier-2-capital","Indexable (Index, Follow)","Template Verified & Sitemap In-Scope","0","Clean / Template Pass"
"https://www.corplawupdates.in/glossary/trading-window","Glossary Detail","200","https://www.corplawupdates.in/glossary/trading-window","Indexable (Index, Follow)","Template Verified & Sitemap In-Scope","0","Clean / Template Pass"
"https://www.corplawupdates.in/glossary/transfer-of-shares-fema","Glossary Detail","200","https://www.corplawupdates.in/glossary/transfer-of-shares-fema","Indexable (Index, Follow)","Template Verified & Sitemap In-Scope","0","Clean / Template Pass"
"https://www.corplawupdates.in/glossary/tribunal-bench","Glossary Detail","200","https://www.corplawupdates.in/glossary/tribunal-bench","Indexable (Index, Follow)","Template Verified & Sitemap In-Scope","0","Clean / Template Pass"
"https://www.corplawupdates.in/glossary/undervalued-transaction","Glossary Detail","200","https://www.corplawupdates.in/glossary/undervalued-transaction","Indexable (Index, Follow)","Template Verified & Sitemap In-Scope","0","Clean / Template Pass"
"https://www.corplawupdates.in/glossary/upsi","Glossary Detail","200","https://www.corplawupdates.in/glossary/upsi","Indexable (Index, Follow)","Template Verified & Sitemap In-Scope","0","Clean / Template Pass"
"https://www.corplawupdates.in/glossary/voluntary-liquidation","Glossary Detail","200","https://www.corplawupdates.in/glossary/voluntary-liquidation","Indexable (Index, Follow)","Template Verified & Sitemap In-Scope","0","Clean / Template Pass"
"https://www.corplawupdates.in/glossary/voluntary-winding-up","Glossary Detail","200","https://www.corplawupdates.in/glossary/voluntary-winding-up","Indexable (Index, Follow)","Template Verified & Sitemap In-Scope","0","Clean / Template Pass"
"https://www.corplawupdates.in/glossary/waterfall-mechanism","Glossary Detail","200","https://www.corplawupdates.in/glossary/waterfall-mechanism","Indexable (Index, Follow)","Template Verified & Sitemap In-Scope","0","Clean / Template Pass"
"https://www.corplawupdates.in/glossary/whole-time-director","Glossary Detail","200","https://www.corplawupdates.in/glossary/whole-time-director","Indexable (Index, Follow)","Template Verified & Sitemap In-Scope","0","Clean / Template Pass"
"https://www.corplawupdates.in/glossary/wilful-defaulter","Glossary Detail","200","https://www.corplawupdates.in/glossary/wilful-defaulter","Indexable (Index, Follow)","Template Verified & Sitemap In-Scope","0","Clean / Template Pass"
"https://www.corplawupdates.in/glossary/winding-up","Glossary Detail","200","https://www.corplawupdates.in/glossary/winding-up","Indexable (Index, Follow)","Template Verified & Sitemap In-Scope","0","Clean / Template Pass"
"https://www.corplawupdates.in/glossary/wrongful-trading","Glossary Detail","200","https://www.corplawupdates.in/glossary/wrongful-trading","Indexable (Index, Follow)","Template Verified & Sitemap In-Scope","0","Clean / Template Pass"